regime,L_m,h_m,E_GPa,rho_kgm3,R_over_L,damage_factor,delta_m
slab,60,5,5,2700,0.2000,0.0000,1.417176000000000e-02
arch,60,5,5,2700,0.2000,0.0000,1.388832480000000e-02
damaged_d0.0,60,5,5,2700,0.2000,0.0000,1.417176000000000e-02
damaged_d0.2,60,5,5,2700,0.2000,0.2000,2.187000000000000e-02
damaged_d0.4,60,5,5,2700,0.2000,0.4000,3.690562500000000e-02
damaged_d0.5,60,5,5,2700,0.2000,0.5000,5.038848000000000e-02
damaged_d0.6,60,5,5,2700,0.2000,0.6000,7.230489795918367e-02
damaged_d0.7,60,5,5,2700,0.2000,0.7000,1.118087573964497e-01
slab,60,5,5,2900,0.2000,0.0000,1.522152000000000e-02
arch,60,5,5,2900,0.2000,0.0000,1.491708960000000e-02
damaged_d0.0,60,5,5,2900,0.2000,0.0000,1.522152000000000e-02
damaged_d0.2,60,5,5,2900,0.2000,0.2000,2.349000000000000e-02
damaged_d0.4,60,5,5,2900,0.2000,0.4000,3.963937500000000e-02
damaged_d0.5,60,5,5,2900,0.2000,0.5000,5.412096000000000e-02
damaged_d0.6,60,5,5,2900,0.2000,0.6000,7.766081632653062e-02
damaged_d0.7,60,5,5,2900,0.2000,0.7000,1.200908875739645e-01
slab,60,5,5,3100,0.2000,0.0000,1.627128000000000e-02
arch,60,5,5,3100,0.2000,0.0000,1.594585440000000e-02
damaged_d0.0,60,5,5,3100,0.2000,0.0000,1.627128000000000e-02
damaged_d0.2,60,5,5,3100,0.2000,0.2000,2.511000000000000e-02
damaged_d0.4,60,5,5,3100,0.2000,0.4000,4.237312500000000e-02
damaged_d0.5,60,5,5,3100,0.2000,0.5000,5.785344000000000e-02
damaged_d0.6,60,5,5,3100,0.2000,0.6000,8.301673469387755e-02
damaged_d0.7,60,5,5,3100,0.2000,0.7000,1.283730177514793e-01
slab,60,5,10,2700,0.2000,0.0000,7.085880000000000e-03
arch,60,5,10,2700,0.2000,0.0000,6.944162400000000e-03
damaged_d0.0,60,5,10,2700,0.2000,0.0000,7.085880000000000e-03
damaged_d0.2,60,5,10,2700,0.2000,0.2000,1.093500000000000e-02
damaged_d0.4,60,5,10,2700,0.2000,0.4000,1.845281250000000e-02
damaged_d0.5,60,5,10,2700,0.2000,0.5000,2.519424000000000e-02
damaged_d0.6,60,5,10,2700,0.2000,0.6000,3.615244897959183e-02
damaged_d0.7,60,5,10,2700,0.2000,0.7000,5.590437869822484e-02
slab,60,5,10,2900,0.2000,0.0000,7.610760000000000e-03
arch,60,5,10,2900,0.2000,0.0000,7.458544800000000e-03
damaged_d0.0,60,5,10,2900,0.2000,0.0000,7.610760000000000e-03
damaged_d0.2,60,5,10,2900,0.2000,0.2000,1.174500000000000e-02
damaged_d0.4,60,5,10,2900,0.2000,0.4000,1.981968750000000e-02
damaged_d0.5,60,5,10,2900,0.2000,0.5000,2.706048000000000e-02
damaged_d0.6,60,5,10,2900,0.2000,0.6000,3.883040816326531e-02
damaged_d0.7,60,5,10,2900,0.2000,0.7000,6.004544378698224e-02
slab,60,5,10,3100,0.2000,0.0000,8.135640000000000e-03
arch,60,5,10,3100,0.2000,0.0000,7.972927199999999e-03
damaged_d0.0,60,5,10,3100,0.2000,0.0000,8.135640000000000e-03
damaged_d0.2,60,5,10,3100,0.2000,0.2000,1.255500000000000e-02
damaged_d0.4,60,5,10,3100,0.2000,0.4000,2.118656250000000e-02
damaged_d0.5,60,5,10,3100,0.2000,0.5000,2.892672000000000e-02
damaged_d0.6,60,5,10,3100,0.2000,0.6000,4.150836734693877e-02
damaged_d0.7,60,5,10,3100,0.2000,0.7000,6.418650887573964e-02
slab,60,5,20,2700,0.2000,0.0000,3.542940000000000e-03
arch,60,5,20,2700,0.2000,0.0000,3.472081200000000e-03
damaged_d0.0,60,5,20,2700,0.2000,0.0000,3.542940000000000e-03
damaged_d0.2,60,5,20,2700,0.2000,0.2000,5.467500000000000e-03
damaged_d0.4,60,5,20,2700,0.2000,0.4000,9.226406249999999e-03
damaged_d0.5,60,5,20,2700,0.2000,0.5000,1.259712000000000e-02
damaged_d0.6,60,5,20,2700,0.2000,0.6000,1.807622448979592e-02
damaged_d0.7,60,5,20,2700,0.2000,0.7000,2.795218934911242e-02
slab,60,5,20,2900,0.2000,0.0000,3.805380000000000e-03
arch,60,5,20,2900,0.2000,0.0000,3.729272400000000e-03
damaged_d0.0,60,5,20,2900,0.2000,0.0000,3.805380000000000e-03
damaged_d0.2,60,5,20,2900,0.2000,0.2000,5.872500000000000e-03
damaged_d0.4,60,5,20,2900,0.2000,0.4000,9.909843749999999e-03
damaged_d0.5,60,5,20,2900,0.2000,0.5000,1.353024000000000e-02
damaged_d0.6,60,5,20,2900,0.2000,0.6000,1.941520408163265e-02
damaged_d0.7,60,5,20,2900,0.2000,0.7000,3.002272189349112e-02
slab,60,5,20,3100,0.2000,0.0000,4.067820000000000e-03
arch,60,5,20,3100,0.2000,0.0000,3.986463599999999e-03
damaged_d0.0,60,5,20,3100,0.2000,0.0000,4.067820000000000e-03
damaged_d0.2,60,5,20,3100,0.2000,0.2000,6.277500000000000e-03
damaged_d0.4,60,5,20,3100,0.2000,0.4000,1.059328125000000e-02
damaged_d0.5,60,5,20,3100,0.2000,0.5000,1.446336000000000e-02
damaged_d0.6,60,5,20,3100,0.2000,0.6000,2.075418367346939e-02
damaged_d0.7,60,5,20,3100,0.2000,0.7000,3.209325443786982e-02
slab,60,5,50,2700,0.2000,0.0000,1.417176000000000e-03
arch,60,5,50,2700,0.2000,0.0000,1.388832480000000e-03
damaged_d0.0,60,5,50,2700,0.2000,0.0000,1.417176000000000e-03
damaged_d0.2,60,5,50,2700,0.2000,0.2000,2.187000000000000e-03
damaged_d0.4,60,5,50,2700,0.2000,0.4000,3.690562500000000e-03
damaged_d0.5,60,5,50,2700,0.2000,0.5000,5.038848000000000e-03
damaged_d0.6,60,5,50,2700,0.2000,0.6000,7.230489795918367e-03
damaged_d0.7,60,5,50,2700,0.2000,0.7000,1.118087573964497e-02
slab,60,5,50,2900,0.2000,0.0000,1.522152000000000e-03
arch,60,5,50,2900,0.2000,0.0000,1.491708960000000e-03
damaged_d0.0,60,5,50,2900,0.2000,0.0000,1.522152000000000e-03
damaged_d0.2,60,5,50,2900,0.2000,0.2000,2.349000000000000e-03
damaged_d0.4,60,5,50,2900,0.2000,0.4000,3.963937500000000e-03
damaged_d0.5,60,5,50,2900,0.2000,0.5000,5.412096000000000e-03
damaged_d0.6,60,5,50,2900,0.2000,0.6000,7.766081632653061e-03
damaged_d0.7,60,5,50,2900,0.2000,0.7000,1.200908875739645e-02
slab,60,5,50,3100,0.2000,0.0000,1.627128000000000e-03
arch,60,5,50,3100,0.2000,0.0000,1.594585440000000e-03
damaged_d0.0,60,5,50,3100,0.2000,0.0000,1.627128000000000e-03
damaged_d0.2,60,5,50,3100,0.2000,0.2000,2.511000000000000e-03
damaged_d0.4,60,5,50,3100,0.2000,0.4000,4.237312500000000e-03
damaged_d0.5,60,5,50,3100,0.2000,0.5000,5.785344000000000e-03
damaged_d0.6,60,5,50,3100,0.2000,0.6000,8.301673469387755e-03
damaged_d0.7,60,5,50,3100,0.2000,0.7000,1.283730177514793e-02
slab,60,10,5,2700,0.2000,0.0000,3.542940000000000e-03
arch,60,10,5,2700,0.2000,0.0000,3.472081200000000e-03
damaged_d0.0,60,10,5,2700,0.2000,0.0000,3.542940000000000e-03
damaged_d0.2,60,10,5,2700,0.2000,0.2000,5.467500000000000e-03
damaged_d0.4,60,10,5,2700,0.2000,0.4000,9.226406249999999e-03
damaged_d0.5,60,10,5,2700,0.2000,0.5000,1.259712000000000e-02
damaged_d0.6,60,10,5,2700,0.2000,0.6000,1.807622448979592e-02
damaged_d0.7,60,10,5,2700,0.2000,0.7000,2.795218934911242e-02
slab,60,10,5,2900,0.2000,0.0000,3.805380000000000e-03
arch,60,10,5,2900,0.2000,0.0000,3.729272400000000e-03
damaged_d0.0,60,10,5,2900,0.2000,0.0000,3.805380000000000e-03
damaged_d0.2,60,10,5,2900,0.2000,0.2000,5.872500000000000e-03
damaged_d0.4,60,10,5,2900,0.2000,0.4000,9.909843749999999e-03
damaged_d0.5,60,10,5,2900,0.2000,0.5000,1.353024000000000e-02
damaged_d0.6,60,10,5,2900,0.2000,0.6000,1.941520408163265e-02
damaged_d0.7,60,10,5,2900,0.2000,0.7000,3.002272189349112e-02
slab,60,10,5,3100,0.2000,0.0000,4.067820000000000e-03
arch,60,10,5,3100,0.2000,0.0000,3.986463599999999e-03
damaged_d0.0,60,10,5,3100,0.2000,0.0000,4.067820000000000e-03
damaged_d0.2,60,10,5,3100,0.2000,0.2000,6.277500000000000e-03
damaged_d0.4,60,10,5,3100,0.2000,0.4000,1.059328125000000e-02
damaged_d0.5,60,10,5,3100,0.2000,0.5000,1.446336000000000e-02
damaged_d0.6,60,10,5,3100,0.2000,0.6000,2.075418367346939e-02
damaged_d0.7,60,10,5,3100,0.2000,0.7000,3.209325443786982e-02
slab,60,10,10,2700,0.2000,0.0000,1.771470000000000e-03
arch,60,10,10,2700,0.2000,0.0000,1.736040600000000e-03
damaged_d0.0,60,10,10,2700,0.2000,0.0000,1.771470000000000e-03
damaged_d0.2,60,10,10,2700,0.2000,0.2000,2.733750000000000e-03
damaged_d0.4,60,10,10,2700,0.2000,0.4000,4.613203125000000e-03
damaged_d0.5,60,10,10,2700,0.2000,0.5000,6.298560000000000e-03
damaged_d0.6,60,10,10,2700,0.2000,0.6000,9.038112244897959e-03
damaged_d0.7,60,10,10,2700,0.2000,0.7000,1.397609467455621e-02
slab,60,10,10,2900,0.2000,0.0000,1.902690000000000e-03
arch,60,10,10,2900,0.2000,0.0000,1.864636200000000e-03
damaged_d0.0,60,10,10,2900,0.2000,0.0000,1.902690000000000e-03
damaged_d0.2,60,10,10,2900,0.2000,0.2000,2.936250000000000e-03
damaged_d0.4,60,10,10,2900,0.2000,0.4000,4.954921875000000e-03
damaged_d0.5,60,10,10,2900,0.2000,0.5000,6.765120000000000e-03
damaged_d0.6,60,10,10,2900,0.2000,0.6000,9.707602040816327e-03
damaged_d0.7,60,10,10,2900,0.2000,0.7000,1.501136094674556e-02
slab,60,10,10,3100,0.2000,0.0000,2.033910000000000e-03
arch,60,10,10,3100,0.2000,0.0000,1.993231800000000e-03
damaged_d0.0,60,10,10,3100,0.2000,0.0000,2.033910000000000e-03
damaged_d0.2,60,10,10,3100,0.2000,0.2000,3.138750000000000e-03
damaged_d0.4,60,10,10,3100,0.2000,0.4000,5.296640625000000e-03
damaged_d0.5,60,10,10,3100,0.2000,0.5000,7.231680000000000e-03
damaged_d0.6,60,10,10,3100,0.2000,0.6000,1.037709183673469e-02
damaged_d0.7,60,10,10,3100,0.2000,0.7000,1.604662721893491e-02
slab,60,10,20,2700,0.2000,0.0000,8.857350000000000e-04
arch,60,10,20,2700,0.2000,0.0000,8.680203000000000e-04
damaged_d0.0,60,10,20,2700,0.2000,0.0000,8.857350000000000e-04
damaged_d0.2,60,10,20,2700,0.2000,0.2000,1.366875000000000e-03
damaged_d0.4,60,10,20,2700,0.2000,0.4000,2.306601562500000e-03
damaged_d0.5,60,10,20,2700,0.2000,0.5000,3.149280000000000e-03
damaged_d0.6,60,10,20,2700,0.2000,0.6000,4.519056122448979e-03
damaged_d0.7,60,10,20,2700,0.2000,0.7000,6.988047337278105e-03
slab,60,10,20,2900,0.2000,0.0000,9.513450000000000e-04
arch,60,10,20,2900,0.2000,0.0000,9.323181000000000e-04
damaged_d0.0,60,10,20,2900,0.2000,0.0000,9.513450000000000e-04
damaged_d0.2,60,10,20,2900,0.2000,0.2000,1.468125000000000e-03
damaged_d0.4,60,10,20,2900,0.2000,0.4000,2.477460937500000e-03
damaged_d0.5,60,10,20,2900,0.2000,0.5000,3.382560000000000e-03
damaged_d0.6,60,10,20,2900,0.2000,0.6000,4.853801020408163e-03
damaged_d0.7,60,10,20,2900,0.2000,0.7000,7.505680473372780e-03
slab,60,10,20,3100,0.2000,0.0000,1.016955000000000e-03
arch,60,10,20,3100,0.2000,0.0000,9.966158999999998e-04
damaged_d0.0,60,10,20,3100,0.2000,0.0000,1.016955000000000e-03
damaged_d0.2,60,10,20,3100,0.2000,0.2000,1.569375000000000e-03
damaged_d0.4,60,10,20,3100,0.2000,0.4000,2.648320312500000e-03
damaged_d0.5,60,10,20,3100,0.2000,0.5000,3.615840000000000e-03
damaged_d0.6,60,10,20,3100,0.2000,0.6000,5.188545918367347e-03
damaged_d0.7,60,10,20,3100,0.2000,0.7000,8.023313609467455e-03
slab,60,10,50,2700,0.2000,0.0000,3.542940000000000e-04
arch,60,10,50,2700,0.2000,0.0000,3.472081200000000e-04
damaged_d0.0,60,10,50,2700,0.2000,0.0000,3.542940000000000e-04
damaged_d0.2,60,10,50,2700,0.2000,0.2000,5.467500000000000e-04
damaged_d0.4,60,10,50,2700,0.2000,0.4000,9.226406250000000e-04
damaged_d0.5,60,10,50,2700,0.2000,0.5000,1.259712000000000e-03
damaged_d0.6,60,10,50,2700,0.2000,0.6000,1.807622448979592e-03
damaged_d0.7,60,10,50,2700,0.2000,0.7000,2.795218934911242e-03
slab,60,10,50,2900,0.2000,0.0000,3.805380000000000e-04
arch,60,10,50,2900,0.2000,0.0000,3.729272400000000e-04
damaged_d0.0,60,10,50,2900,0.2000,0.0000,3.805380000000000e-04
damaged_d0.2,60,10,50,2900,0.2000,0.2000,5.872500000000000e-04
damaged_d0.4,60,10,50,2900,0.2000,0.4000,9.909843749999999e-04
damaged_d0.5,60,10,50,2900,0.2000,0.5000,1.353024000000000e-03
damaged_d0.6,60,10,50,2900,0.2000,0.6000,1.941520408163265e-03
damaged_d0.7,60,10,50,2900,0.2000,0.7000,3.002272189349112e-03
slab,60,10,50,3100,0.2000,0.0000,4.067820000000000e-04
arch,60,10,50,3100,0.2000,0.0000,3.986463600000000e-04
damaged_d0.0,60,10,50,3100,0.2000,0.0000,4.067820000000000e-04
damaged_d0.2,60,10,50,3100,0.2000,0.2000,6.277500000000001e-04
damaged_d0.4,60,10,50,3100,0.2000,0.4000,1.059328125000000e-03
damaged_d0.5,60,10,50,3100,0.2000,0.5000,1.446336000000000e-03
damaged_d0.6,60,10,50,3100,0.2000,0.6000,2.075418367346939e-03
damaged_d0.7,60,10,50,3100,0.2000,0.7000,3.209325443786982e-03
slab,60,20,5,2700,0.2000,0.0000,8.857350000000000e-04
arch,60,20,5,2700,0.2000,0.0000,8.680203000000000e-04
damaged_d0.0,60,20,5,2700,0.2000,0.0000,8.857350000000000e-04
damaged_d0.2,60,20,5,2700,0.2000,0.2000,1.366875000000000e-03
damaged_d0.4,60,20,5,2700,0.2000,0.4000,2.306601562500000e-03
damaged_d0.5,60,20,5,2700,0.2000,0.5000,3.149280000000000e-03
damaged_d0.6,60,20,5,2700,0.2000,0.6000,4.519056122448979e-03
damaged_d0.7,60,20,5,2700,0.2000,0.7000,6.988047337278105e-03
slab,60,20,5,2900,0.2000,0.0000,9.513450000000000e-04
arch,60,20,5,2900,0.2000,0.0000,9.323181000000000e-04
damaged_d0.0,60,20,5,2900,0.2000,0.0000,9.513450000000000e-04
damaged_d0.2,60,20,5,2900,0.2000,0.2000,1.468125000000000e-03
damaged_d0.4,60,20,5,2900,0.2000,0.4000,2.477460937500000e-03
damaged_d0.5,60,20,5,2900,0.2000,0.5000,3.382560000000000e-03
damaged_d0.6,60,20,5,2900,0.2000,0.6000,4.853801020408163e-03
damaged_d0.7,60,20,5,2900,0.2000,0.7000,7.505680473372780e-03
slab,60,20,5,3100,0.2000,0.0000,1.016955000000000e-03
arch,60,20,5,3100,0.2000,0.0000,9.966158999999998e-04
damaged_d0.0,60,20,5,3100,0.2000,0.0000,1.016955000000000e-03
damaged_d0.2,60,20,5,3100,0.2000,0.2000,1.569375000000000e-03
damaged_d0.4,60,20,5,3100,0.2000,0.4000,2.648320312500000e-03
damaged_d0.5,60,20,5,3100,0.2000,0.5000,3.615840000000000e-03
damaged_d0.6,60,20,5,3100,0.2000,0.6000,5.188545918367347e-03
damaged_d0.7,60,20,5,3100,0.2000,0.7000,8.023313609467455e-03
slab,60,20,10,2700,0.2000,0.0000,4.428675000000000e-04
arch,60,20,10,2700,0.2000,0.0000,4.340101500000000e-04
damaged_d0.0,60,20,10,2700,0.2000,0.0000,4.428675000000000e-04
damaged_d0.2,60,20,10,2700,0.2000,0.2000,6.834375000000000e-04
damaged_d0.4,60,20,10,2700,0.2000,0.4000,1.153300781250000e-03
damaged_d0.5,60,20,10,2700,0.2000,0.5000,1.574640000000000e-03
damaged_d0.6,60,20,10,2700,0.2000,0.6000,2.259528061224490e-03
damaged_d0.7,60,20,10,2700,0.2000,0.7000,3.494023668639053e-03
slab,60,20,10,2900,0.2000,0.0000,4.756725000000000e-04
arch,60,20,10,2900,0.2000,0.0000,4.661590500000000e-04
damaged_d0.0,60,20,10,2900,0.2000,0.0000,4.756725000000000e-04
damaged_d0.2,60,20,10,2900,0.2000,0.2000,7.340625000000000e-04
damaged_d0.4,60,20,10,2900,0.2000,0.4000,1.238730468750000e-03
damaged_d0.5,60,20,10,2900,0.2000,0.5000,1.691280000000000e-03
damaged_d0.6,60,20,10,2900,0.2000,0.6000,2.426900510204082e-03
damaged_d0.7,60,20,10,2900,0.2000,0.7000,3.752840236686390e-03
slab,60,20,10,3100,0.2000,0.0000,5.084775000000000e-04
arch,60,20,10,3100,0.2000,0.0000,4.983079499999999e-04
damaged_d0.0,60,20,10,3100,0.2000,0.0000,5.084775000000000e-04
damaged_d0.2,60,20,10,3100,0.2000,0.2000,7.846875000000000e-04
damaged_d0.4,60,20,10,3100,0.2000,0.4000,1.324160156250000e-03
damaged_d0.5,60,20,10,3100,0.2000,0.5000,1.807920000000000e-03
damaged_d0.6,60,20,10,3100,0.2000,0.6000,2.594272959183673e-03
damaged_d0.7,60,20,10,3100,0.2000,0.7000,4.011656804733727e-03
slab,60,20,20,2700,0.2000,0.0000,2.214337500000000e-04
arch,60,20,20,2700,0.2000,0.0000,2.170050750000000e-04
damaged_d0.0,60,20,20,2700,0.2000,0.0000,2.214337500000000e-04
damaged_d0.2,60,20,20,2700,0.2000,0.2000,3.417187500000000e-04
damaged_d0.4,60,20,20,2700,0.2000,0.4000,5.766503906250000e-04
damaged_d0.5,60,20,20,2700,0.2000,0.5000,7.873200000000000e-04
damaged_d0.6,60,20,20,2700,0.2000,0.6000,1.129764030612245e-03
damaged_d0.7,60,20,20,2700,0.2000,0.7000,1.747011834319526e-03
slab,60,20,20,2900,0.2000,0.0000,2.378362500000000e-04
arch,60,20,20,2900,0.2000,0.0000,2.330795250000000e-04
damaged_d0.0,60,20,20,2900,0.2000,0.0000,2.378362500000000e-04
damaged_d0.2,60,20,20,2900,0.2000,0.2000,3.670312500000000e-04
damaged_d0.4,60,20,20,2900,0.2000,0.4000,6.193652343750000e-04
damaged_d0.5,60,20,20,2900,0.2000,0.5000,8.456400000000000e-04
damaged_d0.6,60,20,20,2900,0.2000,0.6000,1.213450255102041e-03
damaged_d0.7,60,20,20,2900,0.2000,0.7000,1.876420118343195e-03
slab,60,20,20,3100,0.2000,0.0000,2.542387500000000e-04
arch,60,20,20,3100,0.2000,0.0000,2.491539750000000e-04
damaged_d0.0,60,20,20,3100,0.2000,0.0000,2.542387500000000e-04
damaged_d0.2,60,20,20,3100,0.2000,0.2000,3.923437500000000e-04
damaged_d0.4,60,20,20,3100,0.2000,0.4000,6.620800781250000e-04
damaged_d0.5,60,20,20,3100,0.2000,0.5000,9.039600000000000e-04
damaged_d0.6,60,20,20,3100,0.2000,0.6000,1.297136479591837e-03
damaged_d0.7,60,20,20,3100,0.2000,0.7000,2.005828402366864e-03
slab,60,20,50,2700,0.2000,0.0000,8.857350000000000e-05
arch,60,20,50,2700,0.2000,0.0000,8.680203000000000e-05
damaged_d0.0,60,20,50,2700,0.2000,0.0000,8.857350000000000e-05
damaged_d0.2,60,20,50,2700,0.2000,0.2000,1.366875000000000e-04
damaged_d0.4,60,20,50,2700,0.2000,0.4000,2.306601562500000e-04
damaged_d0.5,60,20,50,2700,0.2000,0.5000,3.149280000000000e-04
damaged_d0.6,60,20,50,2700,0.2000,0.6000,4.519056122448980e-04
damaged_d0.7,60,20,50,2700,0.2000,0.7000,6.988047337278105e-04
slab,60,20,50,2900,0.2000,0.0000,9.513450000000000e-05
arch,60,20,50,2900,0.2000,0.0000,9.323180999999999e-05
damaged_d0.0,60,20,50,2900,0.2000,0.0000,9.513450000000000e-05
damaged_d0.2,60,20,50,2900,0.2000,0.2000,1.468125000000000e-04
damaged_d0.4,60,20,50,2900,0.2000,0.4000,2.477460937500000e-04
damaged_d0.5,60,20,50,2900,0.2000,0.5000,3.382560000000000e-04
damaged_d0.6,60,20,50,2900,0.2000,0.6000,4.853801020408163e-04
damaged_d0.7,60,20,50,2900,0.2000,0.7000,7.505680473372779e-04
slab,60,20,50,3100,0.2000,0.0000,1.016955000000000e-04
arch,60,20,50,3100,0.2000,0.0000,9.966158999999999e-05
damaged_d0.0,60,20,50,3100,0.2000,0.0000,1.016955000000000e-04
damaged_d0.2,60,20,50,3100,0.2000,0.2000,1.569375000000000e-04
damaged_d0.4,60,20,50,3100,0.2000,0.4000,2.648320312500000e-04
damaged_d0.5,60,20,50,3100,0.2000,0.5000,3.615840000000000e-04
damaged_d0.6,60,20,50,3100,0.2000,0.6000,5.188545918367347e-04
damaged_d0.7,60,20,50,3100,0.2000,0.7000,8.023313609467455e-04
slab,60,26,5,2700,0.2000,0.0000,5.241035502958580e-04
arch,60,26,5,2700,0.2000,0.0000,5.136214792899408e-04
damaged_d0.0,60,26,5,2700,0.2000,0.0000,5.241035502958580e-04
damaged_d0.2,60,26,5,2700,0.2000,0.2000,8.088017751479289e-04
damaged_d0.4,60,26,5,2700,0.2000,0.4000,1.364852995562130e-03
damaged_d0.5,60,26,5,2700,0.2000,0.5000,1.863479289940828e-03
damaged_d0.6,60,26,5,2700,0.2000,0.6000,2.673997705591113e-03
damaged_d0.7,60,26,5,2700,0.2000,0.7000,4.134939252827281e-03
slab,60,26,5,2900,0.2000,0.0000,5.629260355029586e-04
arch,60,26,5,2900,0.2000,0.0000,5.516675147928994e-04
damaged_d0.0,60,26,5,2900,0.2000,0.0000,5.629260355029586e-04
damaged_d0.2,60,26,5,2900,0.2000,0.2000,8.687130177514792e-04
damaged_d0.4,60,26,5,2900,0.2000,0.4000,1.465953217455621e-03
damaged_d0.5,60,26,5,2900,0.2000,0.5000,2.001514792899408e-03
damaged_d0.6,60,26,5,2900,0.2000,0.6000,2.872071609708973e-03
damaged_d0.7,60,26,5,2900,0.2000,0.7000,4.441231049333005e-03
slab,60,26,5,3100,0.2000,0.0000,6.017485207100592e-04
arch,60,26,5,3100,0.2000,0.0000,5.897135502958580e-04
damaged_d0.0,60,26,5,3100,0.2000,0.0000,6.017485207100592e-04
damaged_d0.2,60,26,5,3100,0.2000,0.2000,9.286242603550295e-04
damaged_d0.4,60,26,5,3100,0.2000,0.4000,1.567053439349112e-03
damaged_d0.5,60,26,5,3100,0.2000,0.5000,2.139550295857988e-03
damaged_d0.6,60,26,5,3100,0.2000,0.6000,3.070145513826833e-03
damaged_d0.7,60,26,5,3100,0.2000,0.7000,4.747522845838729e-03
slab,60,26,10,2700,0.2000,0.0000,2.620517751479290e-04
arch,60,26,10,2700,0.2000,0.0000,2.568107396449704e-04
damaged_d0.0,60,26,10,2700,0.2000,0.0000,2.620517751479290e-04
damaged_d0.2,60,26,10,2700,0.2000,0.2000,4.044008875739644e-04
damaged_d0.4,60,26,10,2700,0.2000,0.4000,6.824264977810649e-04
damaged_d0.5,60,26,10,2700,0.2000,0.5000,9.317396449704142e-04
damaged_d0.6,60,26,10,2700,0.2000,0.6000,1.336998852795556e-03
damaged_d0.7,60,26,10,2700,0.2000,0.7000,2.067469626413640e-03
slab,60,26,10,2900,0.2000,0.0000,2.814630177514793e-04
arch,60,26,10,2900,0.2000,0.0000,2.758337573964497e-04
damaged_d0.0,60,26,10,2900,0.2000,0.0000,2.814630177514793e-04
damaged_d0.2,60,26,10,2900,0.2000,0.2000,4.343565088757396e-04
damaged_d0.4,60,26,10,2900,0.2000,0.4000,7.329766087278105e-04
damaged_d0.5,60,26,10,2900,0.2000,0.5000,1.000757396449704e-03
damaged_d0.6,60,26,10,2900,0.2000,0.6000,1.436035804854486e-03
damaged_d0.7,60,26,10,2900,0.2000,0.7000,2.220615524666503e-03
slab,60,26,10,3100,0.2000,0.0000,3.008742603550296e-04
arch,60,26,10,3100,0.2000,0.0000,2.948567751479290e-04
damaged_d0.0,60,26,10,3100,0.2000,0.0000,3.008742603550296e-04
damaged_d0.2,60,26,10,3100,0.2000,0.2000,4.643121301775147e-04
damaged_d0.4,60,26,10,3100,0.2000,0.4000,7.835267196745561e-04
damaged_d0.5,60,26,10,3100,0.2000,0.5000,1.069775147928994e-03
damaged_d0.6,60,26,10,3100,0.2000,0.6000,1.535072756913416e-03
damaged_d0.7,60,26,10,3100,0.2000,0.7000,2.373761422919365e-03
slab,60,26,20,2700,0.2000,0.0000,1.310258875739645e-04
arch,60,26,20,2700,0.2000,0.0000,1.284053698224852e-04
damaged_d0.0,60,26,20,2700,0.2000,0.0000,1.310258875739645e-04
damaged_d0.2,60,26,20,2700,0.2000,0.2000,2.022004437869822e-04
damaged_d0.4,60,26,20,2700,0.2000,0.4000,3.412132488905325e-04
damaged_d0.5,60,26,20,2700,0.2000,0.5000,4.658698224852071e-04
damaged_d0.6,60,26,20,2700,0.2000,0.6000,6.684994263977782e-04
damaged_d0.7,60,26,20,2700,0.2000,0.7000,1.033734813206820e-03
slab,60,26,20,2900,0.2000,0.0000,1.407315088757396e-04
arch,60,26,20,2900,0.2000,0.0000,1.379168786982249e-04
damaged_d0.0,60,26,20,2900,0.2000,0.0000,1.407315088757396e-04
damaged_d0.2,60,26,20,2900,0.2000,0.2000,2.171782544378698e-04
damaged_d0.4,60,26,20,2900,0.2000,0.4000,3.664883043639053e-04
damaged_d0.5,60,26,20,2900,0.2000,0.5000,5.003786982248521e-04
damaged_d0.6,60,26,20,2900,0.2000,0.6000,7.180179024272432e-04
damaged_d0.7,60,26,20,2900,0.2000,0.7000,1.110307762333251e-03
slab,60,26,20,3100,0.2000,0.0000,1.504371301775148e-04
arch,60,26,20,3100,0.2000,0.0000,1.474283875739645e-04
damaged_d0.0,60,26,20,3100,0.2000,0.0000,1.504371301775148e-04
damaged_d0.2,60,26,20,3100,0.2000,0.2000,2.321560650887574e-04
damaged_d0.4,60,26,20,3100,0.2000,0.4000,3.917633598372780e-04
damaged_d0.5,60,26,20,3100,0.2000,0.5000,5.348875739644971e-04
damaged_d0.6,60,26,20,3100,0.2000,0.6000,7.675363784567082e-04
damaged_d0.7,60,26,20,3100,0.2000,0.7000,1.186880711459682e-03
slab,60,26,50,2700,0.2000,0.0000,5.241035502958580e-05
arch,60,26,50,2700,0.2000,0.0000,5.136214792899408e-05
damaged_d0.0,60,26,50,2700,0.2000,0.0000,5.241035502958580e-05
damaged_d0.2,60,26,50,2700,0.2000,0.2000,8.088017751479289e-05
damaged_d0.4,60,26,50,2700,0.2000,0.4000,1.364852995562130e-04
damaged_d0.5,60,26,50,2700,0.2000,0.5000,1.863479289940828e-04
damaged_d0.6,60,26,50,2700,0.2000,0.6000,2.673997705591112e-04
damaged_d0.7,60,26,50,2700,0.2000,0.7000,4.134939252827281e-04
slab,60,26,50,2900,0.2000,0.0000,5.629260355029586e-05
arch,60,26,50,2900,0.2000,0.0000,5.516675147928994e-05
damaged_d0.0,60,26,50,2900,0.2000,0.0000,5.629260355029586e-05
damaged_d0.2,60,26,50,2900,0.2000,0.2000,8.687130177514791e-05
damaged_d0.4,60,26,50,2900,0.2000,0.4000,1.465953217455621e-04
damaged_d0.5,60,26,50,2900,0.2000,0.5000,2.001514792899408e-04
damaged_d0.6,60,26,50,2900,0.2000,0.6000,2.872071609708973e-04
damaged_d0.7,60,26,50,2900,0.2000,0.7000,4.441231049333005e-04
slab,60,26,50,3100,0.2000,0.0000,6.017485207100592e-05
arch,60,26,50,3100,0.2000,0.0000,5.897135502958580e-05
damaged_d0.0,60,26,50,3100,0.2000,0.0000,6.017485207100592e-05
damaged_d0.2,60,26,50,3100,0.2000,0.2000,9.286242603550294e-05
damaged_d0.4,60,26,50,3100,0.2000,0.4000,1.567053439349112e-04
damaged_d0.5,60,26,50,3100,0.2000,0.5000,2.139550295857988e-04
damaged_d0.6,60,26,50,3100,0.2000,0.6000,3.070145513826833e-04
damaged_d0.7,60,26,50,3100,0.2000,0.7000,4.747522845838730e-04
slab,60,50,5,2700,0.2000,0.0000,1.417176000000000e-04
arch,60,50,5,2700,0.2000,0.0000,1.388832480000000e-04
damaged_d0.0,60,50,5,2700,0.2000,0.0000,1.417176000000000e-04
damaged_d0.2,60,50,5,2700,0.2000,0.2000,2.187000000000000e-04
damaged_d0.4,60,50,5,2700,0.2000,0.4000,3.690562500000000e-04
damaged_d0.5,60,50,5,2700,0.2000,0.5000,5.038848000000000e-04
damaged_d0.6,60,50,5,2700,0.2000,0.6000,7.230489795918367e-04
damaged_d0.7,60,50,5,2700,0.2000,0.7000,1.118087573964497e-03
slab,60,50,5,2900,0.2000,0.0000,1.522152000000000e-04
arch,60,50,5,2900,0.2000,0.0000,1.491708960000000e-04
damaged_d0.0,60,50,5,2900,0.2000,0.0000,1.522152000000000e-04
damaged_d0.2,60,50,5,2900,0.2000,0.2000,2.349000000000000e-04
damaged_d0.4,60,50,5,2900,0.2000,0.4000,3.963937500000000e-04
damaged_d0.5,60,50,5,2900,0.2000,0.5000,5.412095999999999e-04
damaged_d0.6,60,50,5,2900,0.2000,0.6000,7.766081632653061e-04
damaged_d0.7,60,50,5,2900,0.2000,0.7000,1.200908875739645e-03
slab,60,50,5,3100,0.2000,0.0000,1.627128000000000e-04
arch,60,50,5,3100,0.2000,0.0000,1.594585440000000e-04
damaged_d0.0,60,50,5,3100,0.2000,0.0000,1.627128000000000e-04
damaged_d0.2,60,50,5,3100,0.2000,0.2000,2.511000000000000e-04
damaged_d0.4,60,50,5,3100,0.2000,0.4000,4.237312500000000e-04
damaged_d0.5,60,50,5,3100,0.2000,0.5000,5.785344000000000e-04
damaged_d0.6,60,50,5,3100,0.2000,0.6000,8.301673469387755e-04
damaged_d0.7,60,50,5,3100,0.2000,0.7000,1.283730177514793e-03
slab,60,50,10,2700,0.2000,0.0000,7.085880000000001e-05
arch,60,50,10,2700,0.2000,0.0000,6.944162400000000e-05
damaged_d0.0,60,50,10,2700,0.2000,0.0000,7.085880000000001e-05
damaged_d0.2,60,50,10,2700,0.2000,0.2000,1.093500000000000e-04
damaged_d0.4,60,50,10,2700,0.2000,0.4000,1.845281250000000e-04
damaged_d0.5,60,50,10,2700,0.2000,0.5000,2.519424000000000e-04
damaged_d0.6,60,50,10,2700,0.2000,0.6000,3.615244897959183e-04
damaged_d0.7,60,50,10,2700,0.2000,0.7000,5.590437869822484e-04
slab,60,50,10,2900,0.2000,0.0000,7.610760000000000e-05
arch,60,50,10,2900,0.2000,0.0000,7.458544799999999e-05
damaged_d0.0,60,50,10,2900,0.2000,0.0000,7.610760000000000e-05
damaged_d0.2,60,50,10,2900,0.2000,0.2000,1.174500000000000e-04
damaged_d0.4,60,50,10,2900,0.2000,0.4000,1.981968750000000e-04
damaged_d0.5,60,50,10,2900,0.2000,0.5000,2.706048000000000e-04
damaged_d0.6,60,50,10,2900,0.2000,0.6000,3.883040816326531e-04
damaged_d0.7,60,50,10,2900,0.2000,0.7000,6.004544378698224e-04
slab,60,50,10,3100,0.2000,0.0000,8.135640000000000e-05
arch,60,50,10,3100,0.2000,0.0000,7.972927199999999e-05
damaged_d0.0,60,50,10,3100,0.2000,0.0000,8.135640000000000e-05
damaged_d0.2,60,50,10,3100,0.2000,0.2000,1.255500000000000e-04
damaged_d0.4,60,50,10,3100,0.2000,0.4000,2.118656250000000e-04
damaged_d0.5,60,50,10,3100,0.2000,0.5000,2.892672000000000e-04
damaged_d0.6,60,50,10,3100,0.2000,0.6000,4.150836734693877e-04
damaged_d0.7,60,50,10,3100,0.2000,0.7000,6.418650887573963e-04
slab,60,50,20,2700,0.2000,0.0000,3.542940000000000e-05
arch,60,50,20,2700,0.2000,0.0000,3.472081200000000e-05
damaged_d0.0,60,50,20,2700,0.2000,0.0000,3.542940000000000e-05
damaged_d0.2,60,50,20,2700,0.2000,0.2000,5.467500000000000e-05
damaged_d0.4,60,50,20,2700,0.2000,0.4000,9.226406250000000e-05
damaged_d0.5,60,50,20,2700,0.2000,0.5000,1.259712000000000e-04
damaged_d0.6,60,50,20,2700,0.2000,0.6000,1.807622448979592e-04
damaged_d0.7,60,50,20,2700,0.2000,0.7000,2.795218934911242e-04
slab,60,50,20,2900,0.2000,0.0000,3.805380000000000e-05
arch,60,50,20,2900,0.2000,0.0000,3.729272400000000e-05
damaged_d0.0,60,50,20,2900,0.2000,0.0000,3.805380000000000e-05
damaged_d0.2,60,50,20,2900,0.2000,0.2000,5.872500000000000e-05
damaged_d0.4,60,50,20,2900,0.2000,0.4000,9.909843750000001e-05
damaged_d0.5,60,50,20,2900,0.2000,0.5000,1.353024000000000e-04
damaged_d0.6,60,50,20,2900,0.2000,0.6000,1.941520408163265e-04
damaged_d0.7,60,50,20,2900,0.2000,0.7000,3.002272189349112e-04
slab,60,50,20,3100,0.2000,0.0000,4.067820000000000e-05
arch,60,50,20,3100,0.2000,0.0000,3.986463600000000e-05
damaged_d0.0,60,50,20,3100,0.2000,0.0000,4.067820000000000e-05
damaged_d0.2,60,50,20,3100,0.2000,0.2000,6.277499999999999e-05
damaged_d0.4,60,50,20,3100,0.2000,0.4000,1.059328125000000e-04
damaged_d0.5,60,50,20,3100,0.2000,0.5000,1.446336000000000e-04
damaged_d0.6,60,50,20,3100,0.2000,0.6000,2.075418367346939e-04
damaged_d0.7,60,50,20,3100,0.2000,0.7000,3.209325443786982e-04
slab,60,50,50,2700,0.2000,0.0000,1.417176000000000e-05
arch,60,50,50,2700,0.2000,0.0000,1.388832480000000e-05
damaged_d0.0,60,50,50,2700,0.2000,0.0000,1.417176000000000e-05
damaged_d0.2,60,50,50,2700,0.2000,0.2000,2.187000000000000e-05
damaged_d0.4,60,50,50,2700,0.2000,0.4000,3.690562500000000e-05
damaged_d0.5,60,50,50,2700,0.2000,0.5000,5.038848000000000e-05
damaged_d0.6,60,50,50,2700,0.2000,0.6000,7.230489795918367e-05
damaged_d0.7,60,50,50,2700,0.2000,0.7000,1.118087573964497e-04
slab,60,50,50,2900,0.2000,0.0000,1.522152000000000e-05
arch,60,50,50,2900,0.2000,0.0000,1.491708960000000e-05
damaged_d0.0,60,50,50,2900,0.2000,0.0000,1.522152000000000e-05
damaged_d0.2,60,50,50,2900,0.2000,0.2000,2.349000000000000e-05
damaged_d0.4,60,50,50,2900,0.2000,0.4000,3.963937500000000e-05
damaged_d0.5,60,50,50,2900,0.2000,0.5000,5.412096000000000e-05
damaged_d0.6,60,50,50,2900,0.2000,0.6000,7.766081632653061e-05
damaged_d0.7,60,50,50,2900,0.2000,0.7000,1.200908875739645e-04
slab,60,50,50,3100,0.2000,0.0000,1.627128000000000e-05
arch,60,50,50,3100,0.2000,0.0000,1.594585440000000e-05
damaged_d0.0,60,50,50,3100,0.2000,0.0000,1.627128000000000e-05
damaged_d0.2,60,50,50,3100,0.2000,0.2000,2.511000000000000e-05
damaged_d0.4,60,50,50,3100,0.2000,0.4000,4.237312500000000e-05
damaged_d0.5,60,50,50,3100,0.2000,0.5000,5.785344000000000e-05
damaged_d0.6,60,50,50,3100,0.2000,0.6000,8.301673469387755e-05
damaged_d0.7,60,50,50,3100,0.2000,0.7000,1.283730177514793e-04
slab,100,5,5,2700,0.2000,0.0000,1.093500000000000e-01
arch,100,5,5,2700,0.2000,0.0000,1.071630000000000e-01
damaged_d0.0,100,5,5,2700,0.2000,0.0000,1.093500000000000e-01
damaged_d0.2,100,5,5,2700,0.2000,0.2000,1.687500000000000e-01
damaged_d0.4,100,5,5,2700,0.2000,0.4000,2.847656250000000e-01
damaged_d0.5,100,5,5,2700,0.2000,0.5000,3.888000000000000e-01
damaged_d0.6,100,5,5,2700,0.2000,0.6000,5.579081632653061e-01
damaged_d0.7,100,5,5,2700,0.2000,0.7000,8.627218934911242e-01
slab,100,5,5,2900,0.2000,0.0000,1.174500000000000e-01
arch,100,5,5,2900,0.2000,0.0000,1.151010000000000e-01
damaged_d0.0,100,5,5,2900,0.2000,0.0000,1.174500000000000e-01
damaged_d0.2,100,5,5,2900,0.2000,0.2000,1.812500000000000e-01
damaged_d0.4,100,5,5,2900,0.2000,0.4000,3.058593750000000e-01
damaged_d0.5,100,5,5,2900,0.2000,0.5000,4.176000000000000e-01
damaged_d0.6,100,5,5,2900,0.2000,0.6000,5.992346938775510e-01
damaged_d0.7,100,5,5,2900,0.2000,0.7000,9.266272189349112e-01
slab,100,5,5,3100,0.2000,0.0000,1.255500000000000e-01
arch,100,5,5,3100,0.2000,0.0000,1.230390000000000e-01
damaged_d0.0,100,5,5,3100,0.2000,0.0000,1.255500000000000e-01
damaged_d0.2,100,5,5,3100,0.2000,0.2000,1.937500000000000e-01
damaged_d0.4,100,5,5,3100,0.2000,0.4000,3.269531250000000e-01
damaged_d0.5,100,5,5,3100,0.2000,0.5000,4.464000000000000e-01
damaged_d0.6,100,5,5,3100,0.2000,0.6000,6.405612244897959e-01
damaged_d0.7,100,5,5,3100,0.2000,0.7000,9.905325443786981e-01
slab,100,5,10,2700,0.2000,0.0000,5.467500000000000e-02
arch,100,5,10,2700,0.2000,0.0000,5.358150000000000e-02
damaged_d0.0,100,5,10,2700,0.2000,0.0000,5.467500000000000e-02
damaged_d0.2,100,5,10,2700,0.2000,0.2000,8.437500000000001e-02
damaged_d0.4,100,5,10,2700,0.2000,0.4000,1.423828125000000e-01
damaged_d0.5,100,5,10,2700,0.2000,0.5000,1.944000000000000e-01
damaged_d0.6,100,5,10,2700,0.2000,0.6000,2.789540816326531e-01
damaged_d0.7,100,5,10,2700,0.2000,0.7000,4.313609467455621e-01
slab,100,5,10,2900,0.2000,0.0000,5.872500000000000e-02
arch,100,5,10,2900,0.2000,0.0000,5.755050000000000e-02
damaged_d0.0,100,5,10,2900,0.2000,0.0000,5.872500000000000e-02
damaged_d0.2,100,5,10,2900,0.2000,0.2000,9.062500000000000e-02
damaged_d0.4,100,5,10,2900,0.2000,0.4000,1.529296875000000e-01
damaged_d0.5,100,5,10,2900,0.2000,0.5000,2.088000000000000e-01
damaged_d0.6,100,5,10,2900,0.2000,0.6000,2.996173469387755e-01
damaged_d0.7,100,5,10,2900,0.2000,0.7000,4.633136094674556e-01
slab,100,5,10,3100,0.2000,0.0000,6.277500000000000e-02
arch,100,5,10,3100,0.2000,0.0000,6.151950000000000e-02
damaged_d0.0,100,5,10,3100,0.2000,0.0000,6.277500000000000e-02
damaged_d0.2,100,5,10,3100,0.2000,0.2000,9.687500000000000e-02
damaged_d0.4,100,5,10,3100,0.2000,0.4000,1.634765625000000e-01
damaged_d0.5,100,5,10,3100,0.2000,0.5000,2.232000000000000e-01
damaged_d0.6,100,5,10,3100,0.2000,0.6000,3.202806122448980e-01
damaged_d0.7,100,5,10,3100,0.2000,0.7000,4.952662721893490e-01
slab,100,5,20,2700,0.2000,0.0000,2.733750000000000e-02
arch,100,5,20,2700,0.2000,0.0000,2.679075000000000e-02
damaged_d0.0,100,5,20,2700,0.2000,0.0000,2.733750000000000e-02
damaged_d0.2,100,5,20,2700,0.2000,0.2000,4.218750000000000e-02
damaged_d0.4,100,5,20,2700,0.2000,0.4000,7.119140625000001e-02
damaged_d0.5,100,5,20,2700,0.2000,0.5000,9.719999999999999e-02
damaged_d0.6,100,5,20,2700,0.2000,0.6000,1.394770408163265e-01
damaged_d0.7,100,5,20,2700,0.2000,0.7000,2.156804733727810e-01
slab,100,5,20,2900,0.2000,0.0000,2.936250000000000e-02
arch,100,5,20,2900,0.2000,0.0000,2.877525000000000e-02
damaged_d0.0,100,5,20,2900,0.2000,0.0000,2.936250000000000e-02
damaged_d0.2,100,5,20,2900,0.2000,0.2000,4.531250000000000e-02
damaged_d0.4,100,5,20,2900,0.2000,0.4000,7.646484375000000e-02
damaged_d0.5,100,5,20,2900,0.2000,0.5000,1.044000000000000e-01
damaged_d0.6,100,5,20,2900,0.2000,0.6000,1.498086734693878e-01
damaged_d0.7,100,5,20,2900,0.2000,0.7000,2.316568047337278e-01
slab,100,5,20,3100,0.2000,0.0000,3.138750000000000e-02
arch,100,5,20,3100,0.2000,0.0000,3.075975000000000e-02
damaged_d0.0,100,5,20,3100,0.2000,0.0000,3.138750000000000e-02
damaged_d0.2,100,5,20,3100,0.2000,0.2000,4.843750000000000e-02
damaged_d0.4,100,5,20,3100,0.2000,0.4000,8.173828125000000e-02
damaged_d0.5,100,5,20,3100,0.2000,0.5000,1.116000000000000e-01
damaged_d0.6,100,5,20,3100,0.2000,0.6000,1.601403061224490e-01
damaged_d0.7,100,5,20,3100,0.2000,0.7000,2.476331360946745e-01
slab,100,5,50,2700,0.2000,0.0000,1.093500000000000e-02
arch,100,5,50,2700,0.2000,0.0000,1.071630000000000e-02
damaged_d0.0,100,5,50,2700,0.2000,0.0000,1.093500000000000e-02
damaged_d0.2,100,5,50,2700,0.2000,0.2000,1.687500000000000e-02
damaged_d0.4,100,5,50,2700,0.2000,0.4000,2.847656250000000e-02
damaged_d0.5,100,5,50,2700,0.2000,0.5000,3.888000000000000e-02
damaged_d0.6,100,5,50,2700,0.2000,0.6000,5.579081632653062e-02
damaged_d0.7,100,5,50,2700,0.2000,0.7000,8.627218934911240e-02
slab,100,5,50,2900,0.2000,0.0000,1.174500000000000e-02
arch,100,5,50,2900,0.2000,0.0000,1.151010000000000e-02
damaged_d0.0,100,5,50,2900,0.2000,0.0000,1.174500000000000e-02
damaged_d0.2,100,5,50,2900,0.2000,0.2000,1.812500000000000e-02
damaged_d0.4,100,5,50,2900,0.2000,0.4000,3.058593750000000e-02
damaged_d0.5,100,5,50,2900,0.2000,0.5000,4.176000000000000e-02
damaged_d0.6,100,5,50,2900,0.2000,0.6000,5.992346938775510e-02
damaged_d0.7,100,5,50,2900,0.2000,0.7000,9.266272189349110e-02
slab,100,5,50,3100,0.2000,0.0000,1.255500000000000e-02
arch,100,5,50,3100,0.2000,0.0000,1.230390000000000e-02
damaged_d0.0,100,5,50,3100,0.2000,0.0000,1.255500000000000e-02
damaged_d0.2,100,5,50,3100,0.2000,0.2000,1.937500000000000e-02
damaged_d0.4,100,5,50,3100,0.2000,0.4000,3.269531250000000e-02
damaged_d0.5,100,5,50,3100,0.2000,0.5000,4.464000000000000e-02
damaged_d0.6,100,5,50,3100,0.2000,0.6000,6.405612244897960e-02
damaged_d0.7,100,5,50,3100,0.2000,0.7000,9.905325443786980e-02
slab,100,10,5,2700,0.2000,0.0000,2.733750000000000e-02
arch,100,10,5,2700,0.2000,0.0000,2.679075000000000e-02
damaged_d0.0,100,10,5,2700,0.2000,0.0000,2.733750000000000e-02
damaged_d0.2,100,10,5,2700,0.2000,0.2000,4.218750000000000e-02
damaged_d0.4,100,10,5,2700,0.2000,0.4000,7.119140625000001e-02
damaged_d0.5,100,10,5,2700,0.2000,0.5000,9.719999999999999e-02
damaged_d0.6,100,10,5,2700,0.2000,0.6000,1.394770408163265e-01
damaged_d0.7,100,10,5,2700,0.2000,0.7000,2.156804733727810e-01
slab,100,10,5,2900,0.2000,0.0000,2.936250000000000e-02
arch,100,10,5,2900,0.2000,0.0000,2.877525000000000e-02
damaged_d0.0,100,10,5,2900,0.2000,0.0000,2.936250000000000e-02
damaged_d0.2,100,10,5,2900,0.2000,0.2000,4.531250000000000e-02
damaged_d0.4,100,10,5,2900,0.2000,0.4000,7.646484375000000e-02
damaged_d0.5,100,10,5,2900,0.2000,0.5000,1.044000000000000e-01
damaged_d0.6,100,10,5,2900,0.2000,0.6000,1.498086734693878e-01
damaged_d0.7,100,10,5,2900,0.2000,0.7000,2.316568047337278e-01
slab,100,10,5,3100,0.2000,0.0000,3.138750000000000e-02
arch,100,10,5,3100,0.2000,0.0000,3.075975000000000e-02
damaged_d0.0,100,10,5,3100,0.2000,0.0000,3.138750000000000e-02
damaged_d0.2,100,10,5,3100,0.2000,0.2000,4.843750000000000e-02
damaged_d0.4,100,10,5,3100,0.2000,0.4000,8.173828125000000e-02
damaged_d0.5,100,10,5,3100,0.2000,0.5000,1.116000000000000e-01
damaged_d0.6,100,10,5,3100,0.2000,0.6000,1.601403061224490e-01
damaged_d0.7,100,10,5,3100,0.2000,0.7000,2.476331360946745e-01
slab,100,10,10,2700,0.2000,0.0000,1.366875000000000e-02
arch,100,10,10,2700,0.2000,0.0000,1.339537500000000e-02
damaged_d0.0,100,10,10,2700,0.2000,0.0000,1.366875000000000e-02
damaged_d0.2,100,10,10,2700,0.2000,0.2000,2.109375000000000e-02
damaged_d0.4,100,10,10,2700,0.2000,0.4000,3.559570312500000e-02
damaged_d0.5,100,10,10,2700,0.2000,0.5000,4.860000000000000e-02
damaged_d0.6,100,10,10,2700,0.2000,0.6000,6.973852040816327e-02
damaged_d0.7,100,10,10,2700,0.2000,0.7000,1.078402366863905e-01
slab,100,10,10,2900,0.2000,0.0000,1.468125000000000e-02
arch,100,10,10,2900,0.2000,0.0000,1.438762500000000e-02
damaged_d0.0,100,10,10,2900,0.2000,0.0000,1.468125000000000e-02
damaged_d0.2,100,10,10,2900,0.2000,0.2000,2.265625000000000e-02
damaged_d0.4,100,10,10,2900,0.2000,0.4000,3.823242187500000e-02
damaged_d0.5,100,10,10,2900,0.2000,0.5000,5.220000000000000e-02
damaged_d0.6,100,10,10,2900,0.2000,0.6000,7.490433673469388e-02
damaged_d0.7,100,10,10,2900,0.2000,0.7000,1.158284023668639e-01
slab,100,10,10,3100,0.2000,0.0000,1.569375000000000e-02
arch,100,10,10,3100,0.2000,0.0000,1.537987500000000e-02
damaged_d0.0,100,10,10,3100,0.2000,0.0000,1.569375000000000e-02
damaged_d0.2,100,10,10,3100,0.2000,0.2000,2.421875000000000e-02
damaged_d0.4,100,10,10,3100,0.2000,0.4000,4.086914062500000e-02
damaged_d0.5,100,10,10,3100,0.2000,0.5000,5.580000000000000e-02
damaged_d0.6,100,10,10,3100,0.2000,0.6000,8.007015306122449e-02
damaged_d0.7,100,10,10,3100,0.2000,0.7000,1.238165680473373e-01
slab,100,10,20,2700,0.2000,0.0000,6.834375000000000e-03
arch,100,10,20,2700,0.2000,0.0000,6.697687500000000e-03
damaged_d0.0,100,10,20,2700,0.2000,0.0000,6.834375000000000e-03
damaged_d0.2,100,10,20,2700,0.2000,0.2000,1.054687500000000e-02
damaged_d0.4,100,10,20,2700,0.2000,0.4000,1.779785156250000e-02
damaged_d0.5,100,10,20,2700,0.2000,0.5000,2.430000000000000e-02
damaged_d0.6,100,10,20,2700,0.2000,0.6000,3.486926020408163e-02
damaged_d0.7,100,10,20,2700,0.2000,0.7000,5.392011834319526e-02
slab,100,10,20,2900,0.2000,0.0000,7.340625000000000e-03
arch,100,10,20,2900,0.2000,0.0000,7.193812500000000e-03
damaged_d0.0,100,10,20,2900,0.2000,0.0000,7.340625000000000e-03
damaged_d0.2,100,10,20,2900,0.2000,0.2000,1.132812500000000e-02
damaged_d0.4,100,10,20,2900,0.2000,0.4000,1.911621093750000e-02
damaged_d0.5,100,10,20,2900,0.2000,0.5000,2.610000000000000e-02
damaged_d0.6,100,10,20,2900,0.2000,0.6000,3.745216836734694e-02
damaged_d0.7,100,10,20,2900,0.2000,0.7000,5.791420118343195e-02
slab,100,10,20,3100,0.2000,0.0000,7.846875000000000e-03
arch,100,10,20,3100,0.2000,0.0000,7.689937500000000e-03
damaged_d0.0,100,10,20,3100,0.2000,0.0000,7.846875000000000e-03
damaged_d0.2,100,10,20,3100,0.2000,0.2000,1.210937500000000e-02
damaged_d0.4,100,10,20,3100,0.2000,0.4000,2.043457031250000e-02
damaged_d0.5,100,10,20,3100,0.2000,0.5000,2.790000000000000e-02
damaged_d0.6,100,10,20,3100,0.2000,0.6000,4.003507653061224e-02
damaged_d0.7,100,10,20,3100,0.2000,0.7000,6.190828402366863e-02
slab,100,10,50,2700,0.2000,0.0000,2.733750000000000e-03
arch,100,10,50,2700,0.2000,0.0000,2.679075000000000e-03
damaged_d0.0,100,10,50,2700,0.2000,0.0000,2.733750000000000e-03
damaged_d0.2,100,10,50,2700,0.2000,0.2000,4.218750000000000e-03
damaged_d0.4,100,10,50,2700,0.2000,0.4000,7.119140625000000e-03
damaged_d0.5,100,10,50,2700,0.2000,0.5000,9.719999999999999e-03
damaged_d0.6,100,10,50,2700,0.2000,0.6000,1.394770408163265e-02
damaged_d0.7,100,10,50,2700,0.2000,0.7000,2.156804733727810e-02
slab,100,10,50,2900,0.2000,0.0000,2.936250000000000e-03
arch,100,10,50,2900,0.2000,0.0000,2.877525000000000e-03
damaged_d0.0,100,10,50,2900,0.2000,0.0000,2.936250000000000e-03
damaged_d0.2,100,10,50,2900,0.2000,0.2000,4.531250000000000e-03
damaged_d0.4,100,10,50,2900,0.2000,0.4000,7.646484375000000e-03
damaged_d0.5,100,10,50,2900,0.2000,0.5000,1.044000000000000e-02
damaged_d0.6,100,10,50,2900,0.2000,0.6000,1.498086734693877e-02
damaged_d0.7,100,10,50,2900,0.2000,0.7000,2.316568047337278e-02
slab,100,10,50,3100,0.2000,0.0000,3.138750000000000e-03
arch,100,10,50,3100,0.2000,0.0000,3.075975000000000e-03
damaged_d0.0,100,10,50,3100,0.2000,0.0000,3.138750000000000e-03
damaged_d0.2,100,10,50,3100,0.2000,0.2000,4.843750000000000e-03
damaged_d0.4,100,10,50,3100,0.2000,0.4000,8.173828124999999e-03
damaged_d0.5,100,10,50,3100,0.2000,0.5000,1.116000000000000e-02
damaged_d0.6,100,10,50,3100,0.2000,0.6000,1.601403061224490e-02
damaged_d0.7,100,10,50,3100,0.2000,0.7000,2.476331360946745e-02
slab,100,20,5,2700,0.2000,0.0000,6.834375000000000e-03
arch,100,20,5,2700,0.2000,0.0000,6.697687500000000e-03
damaged_d0.0,100,20,5,2700,0.2000,0.0000,6.834375000000000e-03
damaged_d0.2,100,20,5,2700,0.2000,0.2000,1.054687500000000e-02
damaged_d0.4,100,20,5,2700,0.2000,0.4000,1.779785156250000e-02
damaged_d0.5,100,20,5,2700,0.2000,0.5000,2.430000000000000e-02
damaged_d0.6,100,20,5,2700,0.2000,0.6000,3.486926020408163e-02
damaged_d0.7,100,20,5,2700,0.2000,0.7000,5.392011834319526e-02
slab,100,20,5,2900,0.2000,0.0000,7.340625000000000e-03
arch,100,20,5,2900,0.2000,0.0000,7.193812500000000e-03
damaged_d0.0,100,20,5,2900,0.2000,0.0000,7.340625000000000e-03
damaged_d0.2,100,20,5,2900,0.2000,0.2000,1.132812500000000e-02
damaged_d0.4,100,20,5,2900,0.2000,0.4000,1.911621093750000e-02
damaged_d0.5,100,20,5,2900,0.2000,0.5000,2.610000000000000e-02
damaged_d0.6,100,20,5,2900,0.2000,0.6000,3.745216836734694e-02
damaged_d0.7,100,20,5,2900,0.2000,0.7000,5.791420118343195e-02
slab,100,20,5,3100,0.2000,0.0000,7.846875000000000e-03
arch,100,20,5,3100,0.2000,0.0000,7.689937500000000e-03
damaged_d0.0,100,20,5,3100,0.2000,0.0000,7.846875000000000e-03
damaged_d0.2,100,20,5,3100,0.2000,0.2000,1.210937500000000e-02
damaged_d0.4,100,20,5,3100,0.2000,0.4000,2.043457031250000e-02
damaged_d0.5,100,20,5,3100,0.2000,0.5000,2.790000000000000e-02
damaged_d0.6,100,20,5,3100,0.2000,0.6000,4.003507653061224e-02
damaged_d0.7,100,20,5,3100,0.2000,0.7000,6.190828402366863e-02
slab,100,20,10,2700,0.2000,0.0000,3.417187500000000e-03
arch,100,20,10,2700,0.2000,0.0000,3.348843750000000e-03
damaged_d0.0,100,20,10,2700,0.2000,0.0000,3.417187500000000e-03
damaged_d0.2,100,20,10,2700,0.2000,0.2000,5.273437500000000e-03
damaged_d0.4,100,20,10,2700,0.2000,0.4000,8.898925781250001e-03
damaged_d0.5,100,20,10,2700,0.2000,0.5000,1.215000000000000e-02
damaged_d0.6,100,20,10,2700,0.2000,0.6000,1.743463010204082e-02
damaged_d0.7,100,20,10,2700,0.2000,0.7000,2.696005917159763e-02
slab,100,20,10,2900,0.2000,0.0000,3.670312500000000e-03
arch,100,20,10,2900,0.2000,0.0000,3.596906250000000e-03
damaged_d0.0,100,20,10,2900,0.2000,0.0000,3.670312500000000e-03
damaged_d0.2,100,20,10,2900,0.2000,0.2000,5.664062500000000e-03
damaged_d0.4,100,20,10,2900,0.2000,0.4000,9.558105468750000e-03
damaged_d0.5,100,20,10,2900,0.2000,0.5000,1.305000000000000e-02
damaged_d0.6,100,20,10,2900,0.2000,0.6000,1.872608418367347e-02
damaged_d0.7,100,20,10,2900,0.2000,0.7000,2.895710059171597e-02
slab,100,20,10,3100,0.2000,0.0000,3.923437500000000e-03
arch,100,20,10,3100,0.2000,0.0000,3.844968750000000e-03
damaged_d0.0,100,20,10,3100,0.2000,0.0000,3.923437500000000e-03
damaged_d0.2,100,20,10,3100,0.2000,0.2000,6.054687500000000e-03
damaged_d0.4,100,20,10,3100,0.2000,0.4000,1.021728515625000e-02
damaged_d0.5,100,20,10,3100,0.2000,0.5000,1.395000000000000e-02
damaged_d0.6,100,20,10,3100,0.2000,0.6000,2.001753826530612e-02
damaged_d0.7,100,20,10,3100,0.2000,0.7000,3.095414201183432e-02
slab,100,20,20,2700,0.2000,0.0000,1.708593750000000e-03
arch,100,20,20,2700,0.2000,0.0000,1.674421875000000e-03
damaged_d0.0,100,20,20,2700,0.2000,0.0000,1.708593750000000e-03
damaged_d0.2,100,20,20,2700,0.2000,0.2000,2.636718750000000e-03
damaged_d0.4,100,20,20,2700,0.2000,0.4000,4.449462890625000e-03
damaged_d0.5,100,20,20,2700,0.2000,0.5000,6.075000000000000e-03
damaged_d0.6,100,20,20,2700,0.2000,0.6000,8.717315051020408e-03
damaged_d0.7,100,20,20,2700,0.2000,0.7000,1.348002958579881e-02
slab,100,20,20,2900,0.2000,0.0000,1.835156250000000e-03
arch,100,20,20,2900,0.2000,0.0000,1.798453125000000e-03
damaged_d0.0,100,20,20,2900,0.2000,0.0000,1.835156250000000e-03
damaged_d0.2,100,20,20,2900,0.2000,0.2000,2.832031250000000e-03
damaged_d0.4,100,20,20,2900,0.2000,0.4000,4.779052734375000e-03
damaged_d0.5,100,20,20,2900,0.2000,0.5000,6.525000000000000e-03
damaged_d0.6,100,20,20,2900,0.2000,0.6000,9.363042091836735e-03
damaged_d0.7,100,20,20,2900,0.2000,0.7000,1.447855029585799e-02
slab,100,20,20,3100,0.2000,0.0000,1.961718750000000e-03
arch,100,20,20,3100,0.2000,0.0000,1.922484375000000e-03
damaged_d0.0,100,20,20,3100,0.2000,0.0000,1.961718750000000e-03
damaged_d0.2,100,20,20,3100,0.2000,0.2000,3.027343750000000e-03
damaged_d0.4,100,20,20,3100,0.2000,0.4000,5.108642578125000e-03
damaged_d0.5,100,20,20,3100,0.2000,0.5000,6.975000000000000e-03
damaged_d0.6,100,20,20,3100,0.2000,0.6000,1.000876913265306e-02
damaged_d0.7,100,20,20,3100,0.2000,0.7000,1.547707100591716e-02
slab,100,20,50,2700,0.2000,0.0000,6.834375000000000e-04
arch,100,20,50,2700,0.2000,0.0000,6.697687500000000e-04
damaged_d0.0,100,20,50,2700,0.2000,0.0000,6.834375000000000e-04
damaged_d0.2,100,20,50,2700,0.2000,0.2000,1.054687500000000e-03
damaged_d0.4,100,20,50,2700,0.2000,0.4000,1.779785156250000e-03
damaged_d0.5,100,20,50,2700,0.2000,0.5000,2.430000000000000e-03
damaged_d0.6,100,20,50,2700,0.2000,0.6000,3.486926020408163e-03
damaged_d0.7,100,20,50,2700,0.2000,0.7000,5.392011834319525e-03
slab,100,20,50,2900,0.2000,0.0000,7.340625000000000e-04
arch,100,20,50,2900,0.2000,0.0000,7.193812500000000e-04
damaged_d0.0,100,20,50,2900,0.2000,0.0000,7.340625000000000e-04
damaged_d0.2,100,20,50,2900,0.2000,0.2000,1.132812500000000e-03
damaged_d0.4,100,20,50,2900,0.2000,0.4000,1.911621093750000e-03
damaged_d0.5,100,20,50,2900,0.2000,0.5000,2.610000000000000e-03
damaged_d0.6,100,20,50,2900,0.2000,0.6000,3.745216836734694e-03
damaged_d0.7,100,20,50,2900,0.2000,0.7000,5.791420118343194e-03
slab,100,20,50,3100,0.2000,0.0000,7.846875000000000e-04
arch,100,20,50,3100,0.2000,0.0000,7.689937500000000e-04
damaged_d0.0,100,20,50,3100,0.2000,0.0000,7.846875000000000e-04
damaged_d0.2,100,20,50,3100,0.2000,0.2000,1.210937500000000e-03
damaged_d0.4,100,20,50,3100,0.2000,0.4000,2.043457031250000e-03
damaged_d0.5,100,20,50,3100,0.2000,0.5000,2.790000000000000e-03
damaged_d0.6,100,20,50,3100,0.2000,0.6000,4.003507653061225e-03
damaged_d0.7,100,20,50,3100,0.2000,0.7000,6.190828402366863e-03
slab,100,26,5,2700,0.2000,0.0000,4.044008875739645e-03
arch,100,26,5,2700,0.2000,0.0000,3.963128698224852e-03
damaged_d0.0,100,26,5,2700,0.2000,0.0000,4.044008875739645e-03
damaged_d0.2,100,26,5,2700,0.2000,0.2000,6.240754437869821e-03
damaged_d0.4,100,26,5,2700,0.2000,0.4000,1.053127311390532e-02
damaged_d0.5,100,26,5,2700,0.2000,0.5000,1.437869822485207e-02
damaged_d0.6,100,26,5,2700,0.2000,0.6000,2.063269834561044e-02
damaged_d0.7,100,26,5,2700,0.2000,0.7000,3.190539546934630e-02
slab,100,26,5,2900,0.2000,0.0000,4.343565088757396e-03
arch,100,26,5,2900,0.2000,0.0000,4.256693786982248e-03
damaged_d0.0,100,26,5,2900,0.2000,0.0000,4.343565088757396e-03
damaged_d0.2,100,26,5,2900,0.2000,0.2000,6.703032544378698e-03
damaged_d0.4,100,26,5,2900,0.2000,0.4000,1.131136741863905e-02
damaged_d0.5,100,26,5,2900,0.2000,0.5000,1.544378698224852e-02
damaged_d0.6,100,26,5,2900,0.2000,0.6000,2.216104637121121e-02
damaged_d0.7,100,26,5,2900,0.2000,0.7000,3.426875809670529e-02
slab,100,26,5,3100,0.2000,0.0000,4.643121301775148e-03
arch,100,26,5,3100,0.2000,0.0000,4.550258875739645e-03
damaged_d0.0,100,26,5,3100,0.2000,0.0000,4.643121301775148e-03
damaged_d0.2,100,26,5,3100,0.2000,0.2000,7.165310650887573e-03
damaged_d0.4,100,26,5,3100,0.2000,0.4000,1.209146172337278e-02
damaged_d0.5,100,26,5,3100,0.2000,0.5000,1.650887573964497e-02
damaged_d0.6,100,26,5,3100,0.2000,0.6000,2.368939439681199e-02
damaged_d0.7,100,26,5,3100,0.2000,0.7000,3.663212072406427e-02
slab,100,26,10,2700,0.2000,0.0000,2.022004437869822e-03
arch,100,26,10,2700,0.2000,0.0000,1.981564349112426e-03
damaged_d0.0,100,26,10,2700,0.2000,0.0000,2.022004437869822e-03
damaged_d0.2,100,26,10,2700,0.2000,0.2000,3.120377218934911e-03
damaged_d0.4,100,26,10,2700,0.2000,0.4000,5.265636556952662e-03
damaged_d0.5,100,26,10,2700,0.2000,0.5000,7.189349112426036e-03
damaged_d0.6,100,26,10,2700,0.2000,0.6000,1.031634917280522e-02
damaged_d0.7,100,26,10,2700,0.2000,0.7000,1.595269773467315e-02
slab,100,26,10,2900,0.2000,0.0000,2.171782544378698e-03
arch,100,26,10,2900,0.2000,0.0000,2.128346893491124e-03
damaged_d0.0,100,26,10,2900,0.2000,0.0000,2.171782544378698e-03
damaged_d0.2,100,26,10,2900,0.2000,0.2000,3.351516272189349e-03
damaged_d0.4,100,26,10,2900,0.2000,0.4000,5.655683709319526e-03
damaged_d0.5,100,26,10,2900,0.2000,0.5000,7.721893491124261e-03
damaged_d0.6,100,26,10,2900,0.2000,0.6000,1.108052318560561e-02
damaged_d0.7,100,26,10,2900,0.2000,0.7000,1.713437904835264e-02
slab,100,26,10,3100,0.2000,0.0000,2.321560650887574e-03
arch,100,26,10,3100,0.2000,0.0000,2.275129437869823e-03
damaged_d0.0,100,26,10,3100,0.2000,0.0000,2.321560650887574e-03
damaged_d0.2,100,26,10,3100,0.2000,0.2000,3.582655325443787e-03
damaged_d0.4,100,26,10,3100,0.2000,0.4000,6.045730861686390e-03
damaged_d0.5,100,26,10,3100,0.2000,0.5000,8.254437869822485e-03
damaged_d0.6,100,26,10,3100,0.2000,0.6000,1.184469719840599e-02
damaged_d0.7,100,26,10,3100,0.2000,0.7000,1.831606036203214e-02
slab,100,26,20,2700,0.2000,0.0000,1.011002218934911e-03
arch,100,26,20,2700,0.2000,0.0000,9.907821745562130e-04
damaged_d0.0,100,26,20,2700,0.2000,0.0000,1.011002218934911e-03
damaged_d0.2,100,26,20,2700,0.2000,0.2000,1.560188609467455e-03
damaged_d0.4,100,26,20,2700,0.2000,0.4000,2.632818278476331e-03
damaged_d0.5,100,26,20,2700,0.2000,0.5000,3.594674556213018e-03
damaged_d0.6,100,26,20,2700,0.2000,0.6000,5.158174586402609e-03
damaged_d0.7,100,26,20,2700,0.2000,0.7000,7.976348867336575e-03
slab,100,26,20,2900,0.2000,0.0000,1.085891272189349e-03
arch,100,26,20,2900,0.2000,0.0000,1.064173446745562e-03
damaged_d0.0,100,26,20,2900,0.2000,0.0000,1.085891272189349e-03
damaged_d0.2,100,26,20,2900,0.2000,0.2000,1.675758136094674e-03
damaged_d0.4,100,26,20,2900,0.2000,0.4000,2.827841854659763e-03
damaged_d0.5,100,26,20,2900,0.2000,0.5000,3.860946745562130e-03
damaged_d0.6,100,26,20,2900,0.2000,0.6000,5.540261592802803e-03
damaged_d0.7,100,26,20,2900,0.2000,0.7000,8.567189524176321e-03
slab,100,26,20,3100,0.2000,0.0000,1.160780325443787e-03
arch,100,26,20,3100,0.2000,0.0000,1.137564718934911e-03
damaged_d0.0,100,26,20,3100,0.2000,0.0000,1.160780325443787e-03
damaged_d0.2,100,26,20,3100,0.2000,0.2000,1.791327662721893e-03
damaged_d0.4,100,26,20,3100,0.2000,0.4000,3.022865430843195e-03
damaged_d0.5,100,26,20,3100,0.2000,0.5000,4.127218934911242e-03
damaged_d0.6,100,26,20,3100,0.2000,0.6000,5.922348599202996e-03
damaged_d0.7,100,26,20,3100,0.2000,0.7000,9.158030181016068e-03
slab,100,26,50,2700,0.2000,0.0000,4.044008875739645e-04
arch,100,26,50,2700,0.2000,0.0000,3.963128698224852e-04
damaged_d0.0,100,26,50,2700,0.2000,0.0000,4.044008875739645e-04
damaged_d0.2,100,26,50,2700,0.2000,0.2000,6.240754437869822e-04
damaged_d0.4,100,26,50,2700,0.2000,0.4000,1.053127311390532e-03
damaged_d0.5,100,26,50,2700,0.2000,0.5000,1.437869822485207e-03
damaged_d0.6,100,26,50,2700,0.2000,0.6000,2.063269834561043e-03
damaged_d0.7,100,26,50,2700,0.2000,0.7000,3.190539546934630e-03
slab,100,26,50,2900,0.2000,0.0000,4.343565088757397e-04
arch,100,26,50,2900,0.2000,0.0000,4.256693786982248e-04
damaged_d0.0,100,26,50,2900,0.2000,0.0000,4.343565088757397e-04
damaged_d0.2,100,26,50,2900,0.2000,0.2000,6.703032544378697e-04
damaged_d0.4,100,26,50,2900,0.2000,0.4000,1.131136741863905e-03
damaged_d0.5,100,26,50,2900,0.2000,0.5000,1.544378698224852e-03
damaged_d0.6,100,26,50,2900,0.2000,0.6000,2.216104637121121e-03
damaged_d0.7,100,26,50,2900,0.2000,0.7000,3.426875809670529e-03
slab,100,26,50,3100,0.2000,0.0000,4.643121301775148e-04
arch,100,26,50,3100,0.2000,0.0000,4.550258875739645e-04
damaged_d0.0,100,26,50,3100,0.2000,0.0000,4.643121301775148e-04
damaged_d0.2,100,26,50,3100,0.2000,0.2000,7.165310650887573e-04
damaged_d0.4,100,26,50,3100,0.2000,0.4000,1.209146172337278e-03
damaged_d0.5,100,26,50,3100,0.2000,0.5000,1.650887573964497e-03
damaged_d0.6,100,26,50,3100,0.2000,0.6000,2.368939439681198e-03
damaged_d0.7,100,26,50,3100,0.2000,0.7000,3.663212072406427e-03
slab,100,50,5,2700,0.2000,0.0000,1.093500000000000e-03
arch,100,50,5,2700,0.2000,0.0000,1.071630000000000e-03
damaged_d0.0,100,50,5,2700,0.2000,0.0000,1.093500000000000e-03
damaged_d0.2,100,50,5,2700,0.2000,0.2000,1.687500000000000e-03
damaged_d0.4,100,50,5,2700,0.2000,0.4000,2.847656250000000e-03
damaged_d0.5,100,50,5,2700,0.2000,0.5000,3.888000000000000e-03
damaged_d0.6,100,50,5,2700,0.2000,0.6000,5.579081632653062e-03
damaged_d0.7,100,50,5,2700,0.2000,0.7000,8.627218934911241e-03
slab,100,50,5,2900,0.2000,0.0000,1.174500000000000e-03
arch,100,50,5,2900,0.2000,0.0000,1.151010000000000e-03
damaged_d0.0,100,50,5,2900,0.2000,0.0000,1.174500000000000e-03
damaged_d0.2,100,50,5,2900,0.2000,0.2000,1.812500000000000e-03
damaged_d0.4,100,50,5,2900,0.2000,0.4000,3.058593750000000e-03
damaged_d0.5,100,50,5,2900,0.2000,0.5000,4.176000000000000e-03
damaged_d0.6,100,50,5,2900,0.2000,0.6000,5.992346938775510e-03
damaged_d0.7,100,50,5,2900,0.2000,0.7000,9.266272189349112e-03
slab,100,50,5,3100,0.2000,0.0000,1.255500000000000e-03
arch,100,50,5,3100,0.2000,0.0000,1.230390000000000e-03
damaged_d0.0,100,50,5,3100,0.2000,0.0000,1.255500000000000e-03
damaged_d0.2,100,50,5,3100,0.2000,0.2000,1.937500000000000e-03
damaged_d0.4,100,50,5,3100,0.2000,0.4000,3.269531250000000e-03
damaged_d0.5,100,50,5,3100,0.2000,0.5000,4.464000000000000e-03
damaged_d0.6,100,50,5,3100,0.2000,0.6000,6.405612244897959e-03
damaged_d0.7,100,50,5,3100,0.2000,0.7000,9.905325443786981e-03
slab,100,50,10,2700,0.2000,0.0000,5.467500000000000e-04
arch,100,50,10,2700,0.2000,0.0000,5.358150000000000e-04
damaged_d0.0,100,50,10,2700,0.2000,0.0000,5.467500000000000e-04
damaged_d0.2,100,50,10,2700,0.2000,0.2000,8.437500000000000e-04
damaged_d0.4,100,50,10,2700,0.2000,0.4000,1.423828125000000e-03
damaged_d0.5,100,50,10,2700,0.2000,0.5000,1.944000000000000e-03
damaged_d0.6,100,50,10,2700,0.2000,0.6000,2.789540816326531e-03
damaged_d0.7,100,50,10,2700,0.2000,0.7000,4.313609467455621e-03
slab,100,50,10,2900,0.2000,0.0000,5.872500000000000e-04
arch,100,50,10,2900,0.2000,0.0000,5.755050000000000e-04
damaged_d0.0,100,50,10,2900,0.2000,0.0000,5.872500000000000e-04
damaged_d0.2,100,50,10,2900,0.2000,0.2000,9.062500000000000e-04
damaged_d0.4,100,50,10,2900,0.2000,0.4000,1.529296875000000e-03
damaged_d0.5,100,50,10,2900,0.2000,0.5000,2.088000000000000e-03
damaged_d0.6,100,50,10,2900,0.2000,0.6000,2.996173469387755e-03
damaged_d0.7,100,50,10,2900,0.2000,0.7000,4.633136094674556e-03
slab,100,50,10,3100,0.2000,0.0000,6.277500000000001e-04
arch,100,50,10,3100,0.2000,0.0000,6.151950000000000e-04
damaged_d0.0,100,50,10,3100,0.2000,0.0000,6.277500000000001e-04
damaged_d0.2,100,50,10,3100,0.2000,0.2000,9.687500000000000e-04
damaged_d0.4,100,50,10,3100,0.2000,0.4000,1.634765625000000e-03
damaged_d0.5,100,50,10,3100,0.2000,0.5000,2.232000000000000e-03
damaged_d0.6,100,50,10,3100,0.2000,0.6000,3.202806122448980e-03
damaged_d0.7,100,50,10,3100,0.2000,0.7000,4.952662721893490e-03
slab,100,50,20,2700,0.2000,0.0000,2.733750000000000e-04
arch,100,50,20,2700,0.2000,0.0000,2.679075000000000e-04
damaged_d0.0,100,50,20,2700,0.2000,0.0000,2.733750000000000e-04
damaged_d0.2,100,50,20,2700,0.2000,0.2000,4.218750000000000e-04
damaged_d0.4,100,50,20,2700,0.2000,0.4000,7.119140625000000e-04
damaged_d0.5,100,50,20,2700,0.2000,0.5000,9.720000000000000e-04
damaged_d0.6,100,50,20,2700,0.2000,0.6000,1.394770408163265e-03
damaged_d0.7,100,50,20,2700,0.2000,0.7000,2.156804733727810e-03
slab,100,50,20,2900,0.2000,0.0000,2.936250000000000e-04
arch,100,50,20,2900,0.2000,0.0000,2.877525000000000e-04
damaged_d0.0,100,50,20,2900,0.2000,0.0000,2.936250000000000e-04
damaged_d0.2,100,50,20,2900,0.2000,0.2000,4.531250000000000e-04
damaged_d0.4,100,50,20,2900,0.2000,0.4000,7.646484375000000e-04
damaged_d0.5,100,50,20,2900,0.2000,0.5000,1.044000000000000e-03
damaged_d0.6,100,50,20,2900,0.2000,0.6000,1.498086734693878e-03
damaged_d0.7,100,50,20,2900,0.2000,0.7000,2.316568047337278e-03
slab,100,50,20,3100,0.2000,0.0000,3.138750000000000e-04
arch,100,50,20,3100,0.2000,0.0000,3.075975000000000e-04
damaged_d0.0,100,50,20,3100,0.2000,0.0000,3.138750000000000e-04
damaged_d0.2,100,50,20,3100,0.2000,0.2000,4.843750000000000e-04
damaged_d0.4,100,50,20,3100,0.2000,0.4000,8.173828125000000e-04
damaged_d0.5,100,50,20,3100,0.2000,0.5000,1.116000000000000e-03
damaged_d0.6,100,50,20,3100,0.2000,0.6000,1.601403061224490e-03
damaged_d0.7,100,50,20,3100,0.2000,0.7000,2.476331360946745e-03
slab,100,50,50,2700,0.2000,0.0000,1.093500000000000e-04
arch,100,50,50,2700,0.2000,0.0000,1.071630000000000e-04
damaged_d0.0,100,50,50,2700,0.2000,0.0000,1.093500000000000e-04
damaged_d0.2,100,50,50,2700,0.2000,0.2000,1.687500000000000e-04
damaged_d0.4,100,50,50,2700,0.2000,0.4000,2.847656250000000e-04
damaged_d0.5,100,50,50,2700,0.2000,0.5000,3.888000000000000e-04
damaged_d0.6,100,50,50,2700,0.2000,0.6000,5.579081632653061e-04
damaged_d0.7,100,50,50,2700,0.2000,0.7000,8.627218934911242e-04
slab,100,50,50,2900,0.2000,0.0000,1.174500000000000e-04
arch,100,50,50,2900,0.2000,0.0000,1.151010000000000e-04
damaged_d0.0,100,50,50,2900,0.2000,0.0000,1.174500000000000e-04
damaged_d0.2,100,50,50,2900,0.2000,0.2000,1.812500000000000e-04
damaged_d0.4,100,50,50,2900,0.2000,0.4000,3.058593750000000e-04
damaged_d0.5,100,50,50,2900,0.2000,0.5000,4.176000000000000e-04
damaged_d0.6,100,50,50,2900,0.2000,0.6000,5.992346938775510e-04
damaged_d0.7,100,50,50,2900,0.2000,0.7000,9.266272189349112e-04
slab,100,50,50,3100,0.2000,0.0000,1.255500000000000e-04
arch,100,50,50,3100,0.2000,0.0000,1.230390000000000e-04
damaged_d0.0,100,50,50,3100,0.2000,0.0000,1.255500000000000e-04
damaged_d0.2,100,50,50,3100,0.2000,0.2000,1.937500000000000e-04
damaged_d0.4,100,50,50,3100,0.2000,0.4000,3.269531250000000e-04
damaged_d0.5,100,50,50,3100,0.2000,0.5000,4.464000000000000e-04
damaged_d0.6,100,50,50,3100,0.2000,0.6000,6.405612244897959e-04
damaged_d0.7,100,50,50,3100,0.2000,0.7000,9.905325443786981e-04
slab,150,5,5,2700,0.2000,0.0000,5.535843750000000e-01
arch,150,5,5,2700,0.2000,0.0000,5.425126875000000e-01
damaged_d0.0,150,5,5,2700,0.2000,0.0000,5.535843750000000e-01
damaged_d0.2,150,5,5,2700,0.2000,0.2000,8.542968750000000e-01
damaged_d0.4,150,5,5,2700,0.2000,0.4000,1.441625976562500e+00
damaged_d0.5,150,5,5,2700,0.2000,0.5000,1.968300000000000e+00
damaged_d0.6,150,5,5,2700,0.2000,0.6000,2.824410076530612e+00
damaged_d0.7,150,5,5,2700,0.2000,0.7000,4.367529585798816e+00
slab,150,5,5,2900,0.2000,0.0000,5.945906250000000e-01
arch,150,5,5,2900,0.2000,0.0000,5.826988125000000e-01
damaged_d0.0,150,5,5,2900,0.2000,0.0000,5.945906250000000e-01
damaged_d0.2,150,5,5,2900,0.2000,0.2000,9.175781250000000e-01
damaged_d0.4,150,5,5,2900,0.2000,0.4000,1.548413085937500e+00
damaged_d0.5,150,5,5,2900,0.2000,0.5000,2.114100000000000e+00
damaged_d0.6,150,5,5,2900,0.2000,0.6000,3.033625637755102e+00
damaged_d0.7,150,5,5,2900,0.2000,0.7000,4.691050295857988e+00
slab,150,5,5,3100,0.2000,0.0000,6.355968750000000e-01
arch,150,5,5,3100,0.2000,0.0000,6.228849375000000e-01
damaged_d0.0,150,5,5,3100,0.2000,0.0000,6.355968750000000e-01
damaged_d0.2,150,5,5,3100,0.2000,0.2000,9.808593750000000e-01
damaged_d0.4,150,5,5,3100,0.2000,0.4000,1.655200195312500e+00
damaged_d0.5,150,5,5,3100,0.2000,0.5000,2.259900000000000e+00
damaged_d0.6,150,5,5,3100,0.2000,0.6000,3.242841198979592e+00
damaged_d0.7,150,5,5,3100,0.2000,0.7000,5.014571005917159e+00
slab,150,5,10,2700,0.2000,0.0000,2.767921875000000e-01
arch,150,5,10,2700,0.2000,0.0000,2.712563437500000e-01
damaged_d0.0,150,5,10,2700,0.2000,0.0000,2.767921875000000e-01
damaged_d0.2,150,5,10,2700,0.2000,0.2000,4.271484375000000e-01
damaged_d0.4,150,5,10,2700,0.2000,0.4000,7.208129882812500e-01
damaged_d0.5,150,5,10,2700,0.2000,0.5000,9.841500000000000e-01
damaged_d0.6,150,5,10,2700,0.2000,0.6000,1.412205038265306e+00
damaged_d0.7,150,5,10,2700,0.2000,0.7000,2.183764792899408e+00
slab,150,5,10,2900,0.2000,0.0000,2.972953125000000e-01
arch,150,5,10,2900,0.2000,0.0000,2.913494062500000e-01
damaged_d0.0,150,5,10,2900,0.2000,0.0000,2.972953125000000e-01
damaged_d0.2,150,5,10,2900,0.2000,0.2000,4.587890625000000e-01
damaged_d0.4,150,5,10,2900,0.2000,0.4000,7.742065429687500e-01
damaged_d0.5,150,5,10,2900,0.2000,0.5000,1.057050000000000e+00
damaged_d0.6,150,5,10,2900,0.2000,0.6000,1.516812818877551e+00
damaged_d0.7,150,5,10,2900,0.2000,0.7000,2.345525147928994e+00
slab,150,5,10,3100,0.2000,0.0000,3.177984375000000e-01
arch,150,5,10,3100,0.2000,0.0000,3.114424687500000e-01
damaged_d0.0,150,5,10,3100,0.2000,0.0000,3.177984375000000e-01
damaged_d0.2,150,5,10,3100,0.2000,0.2000,4.904296875000000e-01
damaged_d0.4,150,5,10,3100,0.2000,0.4000,8.276000976562500e-01
damaged_d0.5,150,5,10,3100,0.2000,0.5000,1.129950000000000e+00
damaged_d0.6,150,5,10,3100,0.2000,0.6000,1.621420599489796e+00
damaged_d0.7,150,5,10,3100,0.2000,0.7000,2.507285502958580e+00
slab,150,5,20,2700,0.2000,0.0000,1.383960937500000e-01
arch,150,5,20,2700,0.2000,0.0000,1.356281718750000e-01
damaged_d0.0,150,5,20,2700,0.2000,0.0000,1.383960937500000e-01
damaged_d0.2,150,5,20,2700,0.2000,0.2000,2.135742187500000e-01
damaged_d0.4,150,5,20,2700,0.2000,0.4000,3.604064941406250e-01
damaged_d0.5,150,5,20,2700,0.2000,0.5000,4.920750000000000e-01
damaged_d0.6,150,5,20,2700,0.2000,0.6000,7.061025191326531e-01
damaged_d0.7,150,5,20,2700,0.2000,0.7000,1.091882396449704e+00
slab,150,5,20,2900,0.2000,0.0000,1.486476562500000e-01
arch,150,5,20,2900,0.2000,0.0000,1.456747031250000e-01
damaged_d0.0,150,5,20,2900,0.2000,0.0000,1.486476562500000e-01
damaged_d0.2,150,5,20,2900,0.2000,0.2000,2.293945312500000e-01
damaged_d0.4,150,5,20,2900,0.2000,0.4000,3.871032714843750e-01
damaged_d0.5,150,5,20,2900,0.2000,0.5000,5.285250000000000e-01
damaged_d0.6,150,5,20,2900,0.2000,0.6000,7.584064094387755e-01
damaged_d0.7,150,5,20,2900,0.2000,0.7000,1.172762573964497e+00
slab,150,5,20,3100,0.2000,0.0000,1.588992187500000e-01
arch,150,5,20,3100,0.2000,0.0000,1.557212343750000e-01
damaged_d0.0,150,5,20,3100,0.2000,0.0000,1.588992187500000e-01
damaged_d0.2,150,5,20,3100,0.2000,0.2000,2.452148437500000e-01
damaged_d0.4,150,5,20,3100,0.2000,0.4000,4.138000488281250e-01
damaged_d0.5,150,5,20,3100,0.2000,0.5000,5.649750000000000e-01
damaged_d0.6,150,5,20,3100,0.2000,0.6000,8.107102997448979e-01
damaged_d0.7,150,5,20,3100,0.2000,0.7000,1.253642751479290e+00
slab,150,5,50,2700,0.2000,0.0000,5.535843750000000e-02
arch,150,5,50,2700,0.2000,0.0000,5.425126875000000e-02
damaged_d0.0,150,5,50,2700,0.2000,0.0000,5.535843750000000e-02
damaged_d0.2,150,5,50,2700,0.2000,0.2000,8.542968750000000e-02
damaged_d0.4,150,5,50,2700,0.2000,0.4000,1.441625976562500e-01
damaged_d0.5,150,5,50,2700,0.2000,0.5000,1.968300000000000e-01
damaged_d0.6,150,5,50,2700,0.2000,0.6000,2.824410076530612e-01
damaged_d0.7,150,5,50,2700,0.2000,0.7000,4.367529585798816e-01
slab,150,5,50,2900,0.2000,0.0000,5.945906250000000e-02
arch,150,5,50,2900,0.2000,0.0000,5.826988125000000e-02
damaged_d0.0,150,5,50,2900,0.2000,0.0000,5.945906250000000e-02
damaged_d0.2,150,5,50,2900,0.2000,0.2000,9.175781249999999e-02
damaged_d0.4,150,5,50,2900,0.2000,0.4000,1.548413085937500e-01
damaged_d0.5,150,5,50,2900,0.2000,0.5000,2.114100000000000e-01
damaged_d0.6,150,5,50,2900,0.2000,0.6000,3.033625637755102e-01
damaged_d0.7,150,5,50,2900,0.2000,0.7000,4.691050295857987e-01
slab,150,5,50,3100,0.2000,0.0000,6.355968750000000e-02
arch,150,5,50,3100,0.2000,0.0000,6.228849375000000e-02
damaged_d0.0,150,5,50,3100,0.2000,0.0000,6.355968750000000e-02
damaged_d0.2,150,5,50,3100,0.2000,0.2000,9.808593750000000e-02
damaged_d0.4,150,5,50,3100,0.2000,0.4000,1.655200195312500e-01
damaged_d0.5,150,5,50,3100,0.2000,0.5000,2.259900000000000e-01
damaged_d0.6,150,5,50,3100,0.2000,0.6000,3.242841198979592e-01
damaged_d0.7,150,5,50,3100,0.2000,0.7000,5.014571005917159e-01
slab,150,10,5,2700,0.2000,0.0000,1.383960937500000e-01
arch,150,10,5,2700,0.2000,0.0000,1.356281718750000e-01
damaged_d0.0,150,10,5,2700,0.2000,0.0000,1.383960937500000e-01
damaged_d0.2,150,10,5,2700,0.2000,0.2000,2.135742187500000e-01
damaged_d0.4,150,10,5,2700,0.2000,0.4000,3.604064941406250e-01
damaged_d0.5,150,10,5,2700,0.2000,0.5000,4.920750000000000e-01
damaged_d0.6,150,10,5,2700,0.2000,0.6000,7.061025191326531e-01
damaged_d0.7,150,10,5,2700,0.2000,0.7000,1.091882396449704e+00
slab,150,10,5,2900,0.2000,0.0000,1.486476562500000e-01
arch,150,10,5,2900,0.2000,0.0000,1.456747031250000e-01
damaged_d0.0,150,10,5,2900,0.2000,0.0000,1.486476562500000e-01
damaged_d0.2,150,10,5,2900,0.2000,0.2000,2.293945312500000e-01
damaged_d0.4,150,10,5,2900,0.2000,0.4000,3.871032714843750e-01
damaged_d0.5,150,10,5,2900,0.2000,0.5000,5.285250000000000e-01
damaged_d0.6,150,10,5,2900,0.2000,0.6000,7.584064094387755e-01
damaged_d0.7,150,10,5,2900,0.2000,0.7000,1.172762573964497e+00
slab,150,10,5,3100,0.2000,0.0000,1.588992187500000e-01
arch,150,10,5,3100,0.2000,0.0000,1.557212343750000e-01
damaged_d0.0,150,10,5,3100,0.2000,0.0000,1.588992187500000e-01
damaged_d0.2,150,10,5,3100,0.2000,0.2000,2.452148437500000e-01
damaged_d0.4,150,10,5,3100,0.2000,0.4000,4.138000488281250e-01
damaged_d0.5,150,10,5,3100,0.2000,0.5000,5.649750000000000e-01
damaged_d0.6,150,10,5,3100,0.2000,0.6000,8.107102997448979e-01
damaged_d0.7,150,10,5,3100,0.2000,0.7000,1.253642751479290e+00
slab,150,10,10,2700,0.2000,0.0000,6.919804687500000e-02
arch,150,10,10,2700,0.2000,0.0000,6.781408593750000e-02
damaged_d0.0,150,10,10,2700,0.2000,0.0000,6.919804687500000e-02
damaged_d0.2,150,10,10,2700,0.2000,0.2000,1.067871093750000e-01
damaged_d0.4,150,10,10,2700,0.2000,0.4000,1.802032470703125e-01
damaged_d0.5,150,10,10,2700,0.2000,0.5000,2.460375000000000e-01
damaged_d0.6,150,10,10,2700,0.2000,0.6000,3.530512595663265e-01
damaged_d0.7,150,10,10,2700,0.2000,0.7000,5.459411982248520e-01
slab,150,10,10,2900,0.2000,0.0000,7.432382812500000e-02
arch,150,10,10,2900,0.2000,0.0000,7.283735156250000e-02
damaged_d0.0,150,10,10,2900,0.2000,0.0000,7.432382812500000e-02
damaged_d0.2,150,10,10,2900,0.2000,0.2000,1.146972656250000e-01
damaged_d0.4,150,10,10,2900,0.2000,0.4000,1.935516357421875e-01
damaged_d0.5,150,10,10,2900,0.2000,0.5000,2.642625000000000e-01
damaged_d0.6,150,10,10,2900,0.2000,0.6000,3.792032047193877e-01
damaged_d0.7,150,10,10,2900,0.2000,0.7000,5.863812869822485e-01
slab,150,10,10,3100,0.2000,0.0000,7.944960937499999e-02
arch,150,10,10,3100,0.2000,0.0000,7.786061718749999e-02
damaged_d0.0,150,10,10,3100,0.2000,0.0000,7.944960937499999e-02
damaged_d0.2,150,10,10,3100,0.2000,0.2000,1.226074218750000e-01
damaged_d0.4,150,10,10,3100,0.2000,0.4000,2.069000244140625e-01
damaged_d0.5,150,10,10,3100,0.2000,0.5000,2.824875000000000e-01
damaged_d0.6,150,10,10,3100,0.2000,0.6000,4.053551498724490e-01
damaged_d0.7,150,10,10,3100,0.2000,0.7000,6.268213757396449e-01
slab,150,10,20,2700,0.2000,0.0000,3.459902343750000e-02
arch,150,10,20,2700,0.2000,0.0000,3.390704296875000e-02
damaged_d0.0,150,10,20,2700,0.2000,0.0000,3.459902343750000e-02
damaged_d0.2,150,10,20,2700,0.2000,0.2000,5.339355468750000e-02
damaged_d0.4,150,10,20,2700,0.2000,0.4000,9.010162353515624e-02
damaged_d0.5,150,10,20,2700,0.2000,0.5000,1.230187500000000e-01
damaged_d0.6,150,10,20,2700,0.2000,0.6000,1.765256297831633e-01
damaged_d0.7,150,10,20,2700,0.2000,0.7000,2.729705991124260e-01
slab,150,10,20,2900,0.2000,0.0000,3.716191406250000e-02
arch,150,10,20,2900,0.2000,0.0000,3.641867578125000e-02
damaged_d0.0,150,10,20,2900,0.2000,0.0000,3.716191406250000e-02
damaged_d0.2,150,10,20,2900,0.2000,0.2000,5.734863281250000e-02
damaged_d0.4,150,10,20,2900,0.2000,0.4000,9.677581787109375e-02
damaged_d0.5,150,10,20,2900,0.2000,0.5000,1.321312500000000e-01
damaged_d0.6,150,10,20,2900,0.2000,0.6000,1.896016023596939e-01
damaged_d0.7,150,10,20,2900,0.2000,0.7000,2.931906434911242e-01
slab,150,10,20,3100,0.2000,0.0000,3.972480468750000e-02
arch,150,10,20,3100,0.2000,0.0000,3.893030859375000e-02
damaged_d0.0,150,10,20,3100,0.2000,0.0000,3.972480468750000e-02
damaged_d0.2,150,10,20,3100,0.2000,0.2000,6.130371093750000e-02
damaged_d0.4,150,10,20,3100,0.2000,0.4000,1.034500122070312e-01
damaged_d0.5,150,10,20,3100,0.2000,0.5000,1.412437500000000e-01
damaged_d0.6,150,10,20,3100,0.2000,0.6000,2.026775749362245e-01
damaged_d0.7,150,10,20,3100,0.2000,0.7000,3.134106878698225e-01
slab,150,10,50,2700,0.2000,0.0000,1.383960937500000e-02
arch,150,10,50,2700,0.2000,0.0000,1.356281718750000e-02
damaged_d0.0,150,10,50,2700,0.2000,0.0000,1.383960937500000e-02
damaged_d0.2,150,10,50,2700,0.2000,0.2000,2.135742187500000e-02
damaged_d0.4,150,10,50,2700,0.2000,0.4000,3.604064941406250e-02
damaged_d0.5,150,10,50,2700,0.2000,0.5000,4.920750000000000e-02
damaged_d0.6,150,10,50,2700,0.2000,0.6000,7.061025191326531e-02
damaged_d0.7,150,10,50,2700,0.2000,0.7000,1.091882396449704e-01
slab,150,10,50,2900,0.2000,0.0000,1.486476562500000e-02
arch,150,10,50,2900,0.2000,0.0000,1.456747031250000e-02
damaged_d0.0,150,10,50,2900,0.2000,0.0000,1.486476562500000e-02
damaged_d0.2,150,10,50,2900,0.2000,0.2000,2.293945312500000e-02
damaged_d0.4,150,10,50,2900,0.2000,0.4000,3.871032714843750e-02
damaged_d0.5,150,10,50,2900,0.2000,0.5000,5.285250000000000e-02
damaged_d0.6,150,10,50,2900,0.2000,0.6000,7.584064094387755e-02
damaged_d0.7,150,10,50,2900,0.2000,0.7000,1.172762573964497e-01
slab,150,10,50,3100,0.2000,0.0000,1.588992187500000e-02
arch,150,10,50,3100,0.2000,0.0000,1.557212343750000e-02
damaged_d0.0,150,10,50,3100,0.2000,0.0000,1.588992187500000e-02
damaged_d0.2,150,10,50,3100,0.2000,0.2000,2.452148437500000e-02
damaged_d0.4,150,10,50,3100,0.2000,0.4000,4.138000488281250e-02
damaged_d0.5,150,10,50,3100,0.2000,0.5000,5.649750000000000e-02
damaged_d0.6,150,10,50,3100,0.2000,0.6000,8.107102997448980e-02
damaged_d0.7,150,10,50,3100,0.2000,0.7000,1.253642751479290e-01
slab,150,20,5,2700,0.2000,0.0000,3.459902343750000e-02
arch,150,20,5,2700,0.2000,0.0000,3.390704296875000e-02
damaged_d0.0,150,20,5,2700,0.2000,0.0000,3.459902343750000e-02
damaged_d0.2,150,20,5,2700,0.2000,0.2000,5.339355468750000e-02
damaged_d0.4,150,20,5,2700,0.2000,0.4000,9.010162353515624e-02
damaged_d0.5,150,20,5,2700,0.2000,0.5000,1.230187500000000e-01
damaged_d0.6,150,20,5,2700,0.2000,0.6000,1.765256297831633e-01
damaged_d0.7,150,20,5,2700,0.2000,0.7000,2.729705991124260e-01
slab,150,20,5,2900,0.2000,0.0000,3.716191406250000e-02
arch,150,20,5,2900,0.2000,0.0000,3.641867578125000e-02
damaged_d0.0,150,20,5,2900,0.2000,0.0000,3.716191406250000e-02
damaged_d0.2,150,20,5,2900,0.2000,0.2000,5.734863281250000e-02
damaged_d0.4,150,20,5,2900,0.2000,0.4000,9.677581787109375e-02
damaged_d0.5,150,20,5,2900,0.2000,0.5000,1.321312500000000e-01
damaged_d0.6,150,20,5,2900,0.2000,0.6000,1.896016023596939e-01
damaged_d0.7,150,20,5,2900,0.2000,0.7000,2.931906434911242e-01
slab,150,20,5,3100,0.2000,0.0000,3.972480468750000e-02
arch,150,20,5,3100,0.2000,0.0000,3.893030859375000e-02
damaged_d0.0,150,20,5,3100,0.2000,0.0000,3.972480468750000e-02
damaged_d0.2,150,20,5,3100,0.2000,0.2000,6.130371093750000e-02
damaged_d0.4,150,20,5,3100,0.2000,0.4000,1.034500122070312e-01
damaged_d0.5,150,20,5,3100,0.2000,0.5000,1.412437500000000e-01
damaged_d0.6,150,20,5,3100,0.2000,0.6000,2.026775749362245e-01
damaged_d0.7,150,20,5,3100,0.2000,0.7000,3.134106878698225e-01
slab,150,20,10,2700,0.2000,0.0000,1.729951171875000e-02
arch,150,20,10,2700,0.2000,0.0000,1.695352148437500e-02
damaged_d0.0,150,20,10,2700,0.2000,0.0000,1.729951171875000e-02
damaged_d0.2,150,20,10,2700,0.2000,0.2000,2.669677734375000e-02
damaged_d0.4,150,20,10,2700,0.2000,0.4000,4.505081176757812e-02
damaged_d0.5,150,20,10,2700,0.2000,0.5000,6.150937500000000e-02
damaged_d0.6,150,20,10,2700,0.2000,0.6000,8.826281489158164e-02
damaged_d0.7,150,20,10,2700,0.2000,0.7000,1.364852995562130e-01
slab,150,20,10,2900,0.2000,0.0000,1.858095703125000e-02
arch,150,20,10,2900,0.2000,0.0000,1.820933789062500e-02
damaged_d0.0,150,20,10,2900,0.2000,0.0000,1.858095703125000e-02
damaged_d0.2,150,20,10,2900,0.2000,0.2000,2.867431640625000e-02
damaged_d0.4,150,20,10,2900,0.2000,0.4000,4.838790893554688e-02
damaged_d0.5,150,20,10,2900,0.2000,0.5000,6.606562500000000e-02
damaged_d0.6,150,20,10,2900,0.2000,0.6000,9.480080117984693e-02
damaged_d0.7,150,20,10,2900,0.2000,0.7000,1.465953217455621e-01
slab,150,20,10,3100,0.2000,0.0000,1.986240234375000e-02
arch,150,20,10,3100,0.2000,0.0000,1.946515429687500e-02
damaged_d0.0,150,20,10,3100,0.2000,0.0000,1.986240234375000e-02
damaged_d0.2,150,20,10,3100,0.2000,0.2000,3.065185546875000e-02
damaged_d0.4,150,20,10,3100,0.2000,0.4000,5.172500610351562e-02
damaged_d0.5,150,20,10,3100,0.2000,0.5000,7.062187500000000e-02
damaged_d0.6,150,20,10,3100,0.2000,0.6000,1.013387874681122e-01
damaged_d0.7,150,20,10,3100,0.2000,0.7000,1.567053439349112e-01
slab,150,20,20,2700,0.2000,0.0000,8.649755859375000e-03
arch,150,20,20,2700,0.2000,0.0000,8.476760742187501e-03
damaged_d0.0,150,20,20,2700,0.2000,0.0000,8.649755859375000e-03
damaged_d0.2,150,20,20,2700,0.2000,0.2000,1.334838867187500e-02
damaged_d0.4,150,20,20,2700,0.2000,0.4000,2.252540588378906e-02
damaged_d0.5,150,20,20,2700,0.2000,0.5000,3.075468750000000e-02
damaged_d0.6,150,20,20,2700,0.2000,0.6000,4.413140744579082e-02
damaged_d0.7,150,20,20,2700,0.2000,0.7000,6.824264977810650e-02
slab,150,20,20,2900,0.2000,0.0000,9.290478515625001e-03
arch,150,20,20,2900,0.2000,0.0000,9.104668945312500e-03
damaged_d0.0,150,20,20,2900,0.2000,0.0000,9.290478515625001e-03
damaged_d0.2,150,20,20,2900,0.2000,0.2000,1.433715820312500e-02
damaged_d0.4,150,20,20,2900,0.2000,0.4000,2.419395446777344e-02
damaged_d0.5,150,20,20,2900,0.2000,0.5000,3.303281250000000e-02
damaged_d0.6,150,20,20,2900,0.2000,0.6000,4.740040058992347e-02
damaged_d0.7,150,20,20,2900,0.2000,0.7000,7.329766087278106e-02
slab,150,20,20,3100,0.2000,0.0000,9.931201171874999e-03
arch,150,20,20,3100,0.2000,0.0000,9.732577148437499e-03
damaged_d0.0,150,20,20,3100,0.2000,0.0000,9.931201171874999e-03
damaged_d0.2,150,20,20,3100,0.2000,0.2000,1.532592773437500e-02
damaged_d0.4,150,20,20,3100,0.2000,0.4000,2.586250305175781e-02
damaged_d0.5,150,20,20,3100,0.2000,0.5000,3.531093750000000e-02
damaged_d0.6,150,20,20,3100,0.2000,0.6000,5.066939373405612e-02
damaged_d0.7,150,20,20,3100,0.2000,0.7000,7.835267196745561e-02
slab,150,20,50,2700,0.2000,0.0000,3.459902343750000e-03
arch,150,20,50,2700,0.2000,0.0000,3.390704296875000e-03
damaged_d0.0,150,20,50,2700,0.2000,0.0000,3.459902343750000e-03
damaged_d0.2,150,20,50,2700,0.2000,0.2000,5.339355468750000e-03
damaged_d0.4,150,20,50,2700,0.2000,0.4000,9.010162353515625e-03
damaged_d0.5,150,20,50,2700,0.2000,0.5000,1.230187500000000e-02
damaged_d0.6,150,20,50,2700,0.2000,0.6000,1.765256297831633e-02
damaged_d0.7,150,20,50,2700,0.2000,0.7000,2.729705991124260e-02
slab,150,20,50,2900,0.2000,0.0000,3.716191406250000e-03
arch,150,20,50,2900,0.2000,0.0000,3.641867578125000e-03
damaged_d0.0,150,20,50,2900,0.2000,0.0000,3.716191406250000e-03
damaged_d0.2,150,20,50,2900,0.2000,0.2000,5.734863281250000e-03
damaged_d0.4,150,20,50,2900,0.2000,0.4000,9.677581787109375e-03
damaged_d0.5,150,20,50,2900,0.2000,0.5000,1.321312500000000e-02
damaged_d0.6,150,20,50,2900,0.2000,0.6000,1.896016023596939e-02
damaged_d0.7,150,20,50,2900,0.2000,0.7000,2.931906434911242e-02
slab,150,20,50,3100,0.2000,0.0000,3.972480468750000e-03
arch,150,20,50,3100,0.2000,0.0000,3.893030859375000e-03
damaged_d0.0,150,20,50,3100,0.2000,0.0000,3.972480468750000e-03
damaged_d0.2,150,20,50,3100,0.2000,0.2000,6.130371093750000e-03
damaged_d0.4,150,20,50,3100,0.2000,0.4000,1.034500122070313e-02
damaged_d0.5,150,20,50,3100,0.2000,0.5000,1.412437500000000e-02
damaged_d0.6,150,20,50,3100,0.2000,0.6000,2.026775749362245e-02
damaged_d0.7,150,20,50,3100,0.2000,0.7000,3.134106878698224e-02
slab,150,26,5,2700,0.2000,0.0000,2.047279493343195e-02
arch,150,26,5,2700,0.2000,0.0000,2.006333903476331e-02
damaged_d0.0,150,26,5,2700,0.2000,0.0000,2.047279493343195e-02
damaged_d0.2,150,26,5,2700,0.2000,0.2000,3.159381934171597e-02
damaged_d0.4,150,26,5,2700,0.2000,0.4000,5.331457013914570e-02
damaged_d0.5,150,26,5,2700,0.2000,0.5000,7.279215976331362e-02
damaged_d0.6,150,26,5,2700,0.2000,0.6000,1.044530353746528e-01
damaged_d0.7,150,26,5,2700,0.2000,0.7000,1.615210645635656e-01
slab,150,26,5,2900,0.2000,0.0000,2.198929826183432e-02
arch,150,26,5,2900,0.2000,0.0000,2.154951229659763e-02
damaged_d0.0,150,26,5,2900,0.2000,0.0000,2.198929826183432e-02
damaged_d0.2,150,26,5,2900,0.2000,0.2000,3.393410225591716e-02
damaged_d0.4,150,26,5,2900,0.2000,0.4000,5.726379755686020e-02
damaged_d0.5,150,26,5,2900,0.2000,0.5000,7.818417159763313e-02
damaged_d0.6,150,26,5,2900,0.2000,0.6000,1.121902972542567e-01
damaged_d0.7,150,26,5,2900,0.2000,0.7000,1.734855878645705e-01
slab,150,26,5,3100,0.2000,0.0000,2.350580159023669e-02
arch,150,26,5,3100,0.2000,0.0000,2.303568555843195e-02
damaged_d0.0,150,26,5,3100,0.2000,0.0000,2.350580159023669e-02
damaged_d0.2,150,26,5,3100,0.2000,0.2000,3.627438517011834e-02
damaged_d0.4,150,26,5,3100,0.2000,0.4000,6.121302497457469e-02
damaged_d0.5,150,26,5,3100,0.2000,0.5000,8.357618343195267e-02
damaged_d0.6,150,26,5,3100,0.2000,0.6000,1.199275591338607e-01
damaged_d0.7,150,26,5,3100,0.2000,0.7000,1.854501111655754e-01
slab,150,26,10,2700,0.2000,0.0000,1.023639746671598e-02
arch,150,26,10,2700,0.2000,0.0000,1.003166951738166e-02
damaged_d0.0,150,26,10,2700,0.2000,0.0000,1.023639746671598e-02
damaged_d0.2,150,26,10,2700,0.2000,0.2000,1.579690967085799e-02
damaged_d0.4,150,26,10,2700,0.2000,0.4000,2.665728506957285e-02
damaged_d0.5,150,26,10,2700,0.2000,0.5000,3.639607988165681e-02
damaged_d0.6,150,26,10,2700,0.2000,0.6000,5.222651768732642e-02
damaged_d0.7,150,26,10,2700,0.2000,0.7000,8.076053228178282e-02
slab,150,26,10,2900,0.2000,0.0000,1.099464913091716e-02
arch,150,26,10,2900,0.2000,0.0000,1.077475614829882e-02
damaged_d0.0,150,26,10,2900,0.2000,0.0000,1.099464913091716e-02
damaged_d0.2,150,26,10,2900,0.2000,0.2000,1.696705112795858e-02
damaged_d0.4,150,26,10,2900,0.2000,0.4000,2.863189877843010e-02
damaged_d0.5,150,26,10,2900,0.2000,0.5000,3.909208579881657e-02
damaged_d0.6,150,26,10,2900,0.2000,0.6000,5.609514862712837e-02
damaged_d0.7,150,26,10,2900,0.2000,0.7000,8.674279393228525e-02
slab,150,26,10,3100,0.2000,0.0000,1.175290079511834e-02
arch,150,26,10,3100,0.2000,0.0000,1.151784277921598e-02
damaged_d0.0,150,26,10,3100,0.2000,0.0000,1.175290079511834e-02
damaged_d0.2,150,26,10,3100,0.2000,0.2000,1.813719258505917e-02
damaged_d0.4,150,26,10,3100,0.2000,0.4000,3.060651248728734e-02
damaged_d0.5,150,26,10,3100,0.2000,0.5000,4.178809171597633e-02
damaged_d0.6,150,26,10,3100,0.2000,0.6000,5.996377956693033e-02
damaged_d0.7,150,26,10,3100,0.2000,0.7000,9.272505558278768e-02
slab,150,26,20,2700,0.2000,0.0000,5.118198733357988e-03
arch,150,26,20,2700,0.2000,0.0000,5.015834758690828e-03
damaged_d0.0,150,26,20,2700,0.2000,0.0000,5.118198733357988e-03
damaged_d0.2,150,26,20,2700,0.2000,0.2000,7.898454835428993e-03
damaged_d0.4,150,26,20,2700,0.2000,0.4000,1.332864253478643e-02
damaged_d0.5,150,26,20,2700,0.2000,0.5000,1.819803994082840e-02
damaged_d0.6,150,26,20,2700,0.2000,0.6000,2.611325884366321e-02
damaged_d0.7,150,26,20,2700,0.2000,0.7000,4.038026614089141e-02
slab,150,26,20,2900,0.2000,0.0000,5.497324565458580e-03
arch,150,26,20,2900,0.2000,0.0000,5.387378074149408e-03
damaged_d0.0,150,26,20,2900,0.2000,0.0000,5.497324565458580e-03
damaged_d0.2,150,26,20,2900,0.2000,0.2000,8.483525563979289e-03
damaged_d0.4,150,26,20,2900,0.2000,0.4000,1.431594938921505e-02
damaged_d0.5,150,26,20,2900,0.2000,0.5000,1.954604289940828e-02
damaged_d0.6,150,26,20,2900,0.2000,0.6000,2.804757431356419e-02
damaged_d0.7,150,26,20,2900,0.2000,0.7000,4.337139696614262e-02
slab,150,26,20,3100,0.2000,0.0000,5.876450397559171e-03
arch,150,26,20,3100,0.2000,0.0000,5.758921389607988e-03
damaged_d0.0,150,26,20,3100,0.2000,0.0000,5.876450397559171e-03
damaged_d0.2,150,26,20,3100,0.2000,0.2000,9.068596292529586e-03
damaged_d0.4,150,26,20,3100,0.2000,0.4000,1.530325624364367e-02
damaged_d0.5,150,26,20,3100,0.2000,0.5000,2.089404585798817e-02
damaged_d0.6,150,26,20,3100,0.2000,0.6000,2.998188978346517e-02
damaged_d0.7,150,26,20,3100,0.2000,0.7000,4.636252779139384e-02
slab,150,26,50,2700,0.2000,0.0000,2.047279493343195e-03
arch,150,26,50,2700,0.2000,0.0000,2.006333903476331e-03
damaged_d0.0,150,26,50,2700,0.2000,0.0000,2.047279493343195e-03
damaged_d0.2,150,26,50,2700,0.2000,0.2000,3.159381934171597e-03
damaged_d0.4,150,26,50,2700,0.2000,0.4000,5.331457013914570e-03
damaged_d0.5,150,26,50,2700,0.2000,0.5000,7.279215976331361e-03
damaged_d0.6,150,26,50,2700,0.2000,0.6000,1.044530353746528e-02
damaged_d0.7,150,26,50,2700,0.2000,0.7000,1.615210645635656e-02
slab,150,26,50,2900,0.2000,0.0000,2.198929826183432e-03
arch,150,26,50,2900,0.2000,0.0000,2.154951229659763e-03
damaged_d0.0,150,26,50,2900,0.2000,0.0000,2.198929826183432e-03
damaged_d0.2,150,26,50,2900,0.2000,0.2000,3.393410225591715e-03
damaged_d0.4,150,26,50,2900,0.2000,0.4000,5.726379755686020e-03
damaged_d0.5,150,26,50,2900,0.2000,0.5000,7.818417159763313e-03
damaged_d0.6,150,26,50,2900,0.2000,0.6000,1.121902972542567e-02
damaged_d0.7,150,26,50,2900,0.2000,0.7000,1.734855878645705e-02
slab,150,26,50,3100,0.2000,0.0000,2.350580159023668e-03
arch,150,26,50,3100,0.2000,0.0000,2.303568555843195e-03
damaged_d0.0,150,26,50,3100,0.2000,0.0000,2.350580159023668e-03
damaged_d0.2,150,26,50,3100,0.2000,0.2000,3.627438517011834e-03
damaged_d0.4,150,26,50,3100,0.2000,0.4000,6.121302497457470e-03
damaged_d0.5,150,26,50,3100,0.2000,0.5000,8.357618343195266e-03
damaged_d0.6,150,26,50,3100,0.2000,0.6000,1.199275591338607e-02
damaged_d0.7,150,26,50,3100,0.2000,0.7000,1.854501111655754e-02
slab,150,50,5,2700,0.2000,0.0000,5.535843750000000e-03
arch,150,50,5,2700,0.2000,0.0000,5.425126875000000e-03
damaged_d0.0,150,50,5,2700,0.2000,0.0000,5.535843750000000e-03
damaged_d0.2,150,50,5,2700,0.2000,0.2000,8.542968749999999e-03
damaged_d0.4,150,50,5,2700,0.2000,0.4000,1.441625976562500e-02
damaged_d0.5,150,50,5,2700,0.2000,0.5000,1.968300000000000e-02
damaged_d0.6,150,50,5,2700,0.2000,0.6000,2.824410076530612e-02
damaged_d0.7,150,50,5,2700,0.2000,0.7000,4.367529585798816e-02
slab,150,50,5,2900,0.2000,0.0000,5.945906250000000e-03
arch,150,50,5,2900,0.2000,0.0000,5.826988125000000e-03
damaged_d0.0,150,50,5,2900,0.2000,0.0000,5.945906250000000e-03
damaged_d0.2,150,50,5,2900,0.2000,0.2000,9.175781250000001e-03
damaged_d0.4,150,50,5,2900,0.2000,0.4000,1.548413085937500e-02
damaged_d0.5,150,50,5,2900,0.2000,0.5000,2.114100000000000e-02
damaged_d0.6,150,50,5,2900,0.2000,0.6000,3.033625637755102e-02
damaged_d0.7,150,50,5,2900,0.2000,0.7000,4.691050295857987e-02
slab,150,50,5,3100,0.2000,0.0000,6.355968750000000e-03
arch,150,50,5,3100,0.2000,0.0000,6.228849375000000e-03
damaged_d0.0,150,50,5,3100,0.2000,0.0000,6.355968750000000e-03
damaged_d0.2,150,50,5,3100,0.2000,0.2000,9.808593750000000e-03
damaged_d0.4,150,50,5,3100,0.2000,0.4000,1.655200195312500e-02
damaged_d0.5,150,50,5,3100,0.2000,0.5000,2.259900000000000e-02
damaged_d0.6,150,50,5,3100,0.2000,0.6000,3.242841198979592e-02
damaged_d0.7,150,50,5,3100,0.2000,0.7000,5.014571005917159e-02
slab,150,50,10,2700,0.2000,0.0000,2.767921875000000e-03
arch,150,50,10,2700,0.2000,0.0000,2.712563437500000e-03
damaged_d0.0,150,50,10,2700,0.2000,0.0000,2.767921875000000e-03
damaged_d0.2,150,50,10,2700,0.2000,0.2000,4.271484375000000e-03
damaged_d0.4,150,50,10,2700,0.2000,0.4000,7.208129882812500e-03
damaged_d0.5,150,50,10,2700,0.2000,0.5000,9.841500000000000e-03
damaged_d0.6,150,50,10,2700,0.2000,0.6000,1.412205038265306e-02
damaged_d0.7,150,50,10,2700,0.2000,0.7000,2.183764792899408e-02
slab,150,50,10,2900,0.2000,0.0000,2.972953125000000e-03
arch,150,50,10,2900,0.2000,0.0000,2.913494062500000e-03
damaged_d0.0,150,50,10,2900,0.2000,0.0000,2.972953125000000e-03
damaged_d0.2,150,50,10,2900,0.2000,0.2000,4.587890625000000e-03
damaged_d0.4,150,50,10,2900,0.2000,0.4000,7.742065429687500e-03
damaged_d0.5,150,50,10,2900,0.2000,0.5000,1.057050000000000e-02
damaged_d0.6,150,50,10,2900,0.2000,0.6000,1.516812818877551e-02
damaged_d0.7,150,50,10,2900,0.2000,0.7000,2.345525147928994e-02
slab,150,50,10,3100,0.2000,0.0000,3.177984375000000e-03
arch,150,50,10,3100,0.2000,0.0000,3.114424687500000e-03
damaged_d0.0,150,50,10,3100,0.2000,0.0000,3.177984375000000e-03
damaged_d0.2,150,50,10,3100,0.2000,0.2000,4.904296875000000e-03
damaged_d0.4,150,50,10,3100,0.2000,0.4000,8.276000976562500e-03
damaged_d0.5,150,50,10,3100,0.2000,0.5000,1.129950000000000e-02
damaged_d0.6,150,50,10,3100,0.2000,0.6000,1.621420599489796e-02
damaged_d0.7,150,50,10,3100,0.2000,0.7000,2.507285502958579e-02
slab,150,50,20,2700,0.2000,0.0000,1.383960937500000e-03
arch,150,50,20,2700,0.2000,0.0000,1.356281718750000e-03
damaged_d0.0,150,50,20,2700,0.2000,0.0000,1.383960937500000e-03
damaged_d0.2,150,50,20,2700,0.2000,0.2000,2.135742187500000e-03
damaged_d0.4,150,50,20,2700,0.2000,0.4000,3.604064941406250e-03
damaged_d0.5,150,50,20,2700,0.2000,0.5000,4.920750000000000e-03
damaged_d0.6,150,50,20,2700,0.2000,0.6000,7.061025191326530e-03
damaged_d0.7,150,50,20,2700,0.2000,0.7000,1.091882396449704e-02
slab,150,50,20,2900,0.2000,0.0000,1.486476562500000e-03
arch,150,50,20,2900,0.2000,0.0000,1.456747031250000e-03
damaged_d0.0,150,50,20,2900,0.2000,0.0000,1.486476562500000e-03
damaged_d0.2,150,50,20,2900,0.2000,0.2000,2.293945312500000e-03
damaged_d0.4,150,50,20,2900,0.2000,0.4000,3.871032714843750e-03
damaged_d0.5,150,50,20,2900,0.2000,0.5000,5.285250000000000e-03
damaged_d0.6,150,50,20,2900,0.2000,0.6000,7.584064094387755e-03
damaged_d0.7,150,50,20,2900,0.2000,0.7000,1.172762573964497e-02
slab,150,50,20,3100,0.2000,0.0000,1.588992187500000e-03
arch,150,50,20,3100,0.2000,0.0000,1.557212343750000e-03
damaged_d0.0,150,50,20,3100,0.2000,0.0000,1.588992187500000e-03
damaged_d0.2,150,50,20,3100,0.2000,0.2000,2.452148437500000e-03
damaged_d0.4,150,50,20,3100,0.2000,0.4000,4.138000488281250e-03
damaged_d0.5,150,50,20,3100,0.2000,0.5000,5.649750000000000e-03
damaged_d0.6,150,50,20,3100,0.2000,0.6000,8.107102997448979e-03
damaged_d0.7,150,50,20,3100,0.2000,0.7000,1.253642751479290e-02
slab,150,50,50,2700,0.2000,0.0000,5.535843750000000e-04
arch,150,50,50,2700,0.2000,0.0000,5.425126874999999e-04
damaged_d0.0,150,50,50,2700,0.2000,0.0000,5.535843750000000e-04
damaged_d0.2,150,50,50,2700,0.2000,0.2000,8.542968750000000e-04
damaged_d0.4,150,50,50,2700,0.2000,0.4000,1.441625976562500e-03
damaged_d0.5,150,50,50,2700,0.2000,0.5000,1.968300000000000e-03
damaged_d0.6,150,50,50,2700,0.2000,0.6000,2.824410076530612e-03
damaged_d0.7,150,50,50,2700,0.2000,0.7000,4.367529585798816e-03
slab,150,50,50,2900,0.2000,0.0000,5.945906250000000e-04
arch,150,50,50,2900,0.2000,0.0000,5.826988125000000e-04
damaged_d0.0,150,50,50,2900,0.2000,0.0000,5.945906250000000e-04
damaged_d0.2,150,50,50,2900,0.2000,0.2000,9.175781250000000e-04
damaged_d0.4,150,50,50,2900,0.2000,0.4000,1.548413085937500e-03
damaged_d0.5,150,50,50,2900,0.2000,0.5000,2.114100000000000e-03
damaged_d0.6,150,50,50,2900,0.2000,0.6000,3.033625637755102e-03
damaged_d0.7,150,50,50,2900,0.2000,0.7000,4.691050295857988e-03
slab,150,50,50,3100,0.2000,0.0000,6.355968750000000e-04
arch,150,50,50,3100,0.2000,0.0000,6.228849374999999e-04
damaged_d0.0,150,50,50,3100,0.2000,0.0000,6.355968750000000e-04
damaged_d0.2,150,50,50,3100,0.2000,0.2000,9.808593750000000e-04
damaged_d0.4,150,50,50,3100,0.2000,0.4000,1.655200195312500e-03
damaged_d0.5,150,50,50,3100,0.2000,0.5000,2.259900000000000e-03
damaged_d0.6,150,50,50,3100,0.2000,0.6000,3.242841198979592e-03
damaged_d0.7,150,50,50,3100,0.2000,0.7000,5.014571005917159e-03
slab,200,5,5,2700,0.2000,0.0000,1.749600000000000e+00
arch,200,5,5,2700,0.2000,0.0000,1.714608000000000e+00
damaged_d0.0,200,5,5,2700,0.2000,0.0000,1.749600000000000e+00
damaged_d0.2,200,5,5,2700,0.2000,0.2000,2.700000000000000e+00
damaged_d0.4,200,5,5,2700,0.2000,0.4000,4.556250000000000e+00
damaged_d0.5,200,5,5,2700,0.2000,0.5000,6.220800000000000e+00
damaged_d0.6,200,5,5,2700,0.2000,0.6000,8.926530612244898e+00
damaged_d0.7,200,5,5,2700,0.2000,0.7000,1.380355029585799e+01
slab,200,5,5,2900,0.2000,0.0000,1.879200000000000e+00
arch,200,5,5,2900,0.2000,0.0000,1.841616000000000e+00
damaged_d0.0,200,5,5,2900,0.2000,0.0000,1.879200000000000e+00
damaged_d0.2,200,5,5,2900,0.2000,0.2000,2.900000000000000e+00
damaged_d0.4,200,5,5,2900,0.2000,0.4000,4.893750000000000e+00
damaged_d0.5,200,5,5,2900,0.2000,0.5000,6.681600000000000e+00
damaged_d0.6,200,5,5,2900,0.2000,0.6000,9.587755102040816e+00
damaged_d0.7,200,5,5,2900,0.2000,0.7000,1.482603550295858e+01
slab,200,5,5,3100,0.2000,0.0000,2.008800000000000e+00
arch,200,5,5,3100,0.2000,0.0000,1.968624000000000e+00
damaged_d0.0,200,5,5,3100,0.2000,0.0000,2.008800000000000e+00
damaged_d0.2,200,5,5,3100,0.2000,0.2000,3.100000000000000e+00
damaged_d0.4,200,5,5,3100,0.2000,0.4000,5.231250000000000e+00
damaged_d0.5,200,5,5,3100,0.2000,0.5000,7.142400000000000e+00
damaged_d0.6,200,5,5,3100,0.2000,0.6000,1.024897959183673e+01
damaged_d0.7,200,5,5,3100,0.2000,0.7000,1.584852071005917e+01
slab,200,5,10,2700,0.2000,0.0000,8.748000000000000e-01
arch,200,5,10,2700,0.2000,0.0000,8.573040000000000e-01
damaged_d0.0,200,5,10,2700,0.2000,0.0000,8.748000000000000e-01
damaged_d0.2,200,5,10,2700,0.2000,0.2000,1.350000000000000e+00
damaged_d0.4,200,5,10,2700,0.2000,0.4000,2.278125000000000e+00
damaged_d0.5,200,5,10,2700,0.2000,0.5000,3.110400000000000e+00
damaged_d0.6,200,5,10,2700,0.2000,0.6000,4.463265306122449e+00
damaged_d0.7,200,5,10,2700,0.2000,0.7000,6.901775147928993e+00
slab,200,5,10,2900,0.2000,0.0000,9.396000000000000e-01
arch,200,5,10,2900,0.2000,0.0000,9.208080000000000e-01
damaged_d0.0,200,5,10,2900,0.2000,0.0000,9.396000000000000e-01
damaged_d0.2,200,5,10,2900,0.2000,0.2000,1.450000000000000e+00
damaged_d0.4,200,5,10,2900,0.2000,0.4000,2.446875000000000e+00
damaged_d0.5,200,5,10,2900,0.2000,0.5000,3.340800000000000e+00
damaged_d0.6,200,5,10,2900,0.2000,0.6000,4.793877551020408e+00
damaged_d0.7,200,5,10,2900,0.2000,0.7000,7.413017751479289e+00
slab,200,5,10,3100,0.2000,0.0000,1.004400000000000e+00
arch,200,5,10,3100,0.2000,0.0000,9.843120000000000e-01
damaged_d0.0,200,5,10,3100,0.2000,0.0000,1.004400000000000e+00
damaged_d0.2,200,5,10,3100,0.2000,0.2000,1.550000000000000e+00
damaged_d0.4,200,5,10,3100,0.2000,0.4000,2.615625000000000e+00
damaged_d0.5,200,5,10,3100,0.2000,0.5000,3.571200000000000e+00
damaged_d0.6,200,5,10,3100,0.2000,0.6000,5.124489795918367e+00
damaged_d0.7,200,5,10,3100,0.2000,0.7000,7.924260355029585e+00
slab,200,5,20,2700,0.2000,0.0000,4.374000000000000e-01
arch,200,5,20,2700,0.2000,0.0000,4.286520000000000e-01
damaged_d0.0,200,5,20,2700,0.2000,0.0000,4.374000000000000e-01
damaged_d0.2,200,5,20,2700,0.2000,0.2000,6.750000000000000e-01
damaged_d0.4,200,5,20,2700,0.2000,0.4000,1.139062500000000e+00
damaged_d0.5,200,5,20,2700,0.2000,0.5000,1.555200000000000e+00
damaged_d0.6,200,5,20,2700,0.2000,0.6000,2.231632653061224e+00
damaged_d0.7,200,5,20,2700,0.2000,0.7000,3.450887573964497e+00
slab,200,5,20,2900,0.2000,0.0000,4.698000000000000e-01
arch,200,5,20,2900,0.2000,0.0000,4.604040000000000e-01
damaged_d0.0,200,5,20,2900,0.2000,0.0000,4.698000000000000e-01
damaged_d0.2,200,5,20,2900,0.2000,0.2000,7.250000000000000e-01
damaged_d0.4,200,5,20,2900,0.2000,0.4000,1.223437500000000e+00
damaged_d0.5,200,5,20,2900,0.2000,0.5000,1.670400000000000e+00
damaged_d0.6,200,5,20,2900,0.2000,0.6000,2.396938775510204e+00
damaged_d0.7,200,5,20,2900,0.2000,0.7000,3.706508875739645e+00
slab,200,5,20,3100,0.2000,0.0000,5.022000000000000e-01
arch,200,5,20,3100,0.2000,0.0000,4.921560000000000e-01
damaged_d0.0,200,5,20,3100,0.2000,0.0000,5.022000000000000e-01
damaged_d0.2,200,5,20,3100,0.2000,0.2000,7.750000000000000e-01
damaged_d0.4,200,5,20,3100,0.2000,0.4000,1.307812500000000e+00
damaged_d0.5,200,5,20,3100,0.2000,0.5000,1.785600000000000e+00
damaged_d0.6,200,5,20,3100,0.2000,0.6000,2.562244897959184e+00
damaged_d0.7,200,5,20,3100,0.2000,0.7000,3.962130177514792e+00
slab,200,5,50,2700,0.2000,0.0000,1.749600000000000e-01
arch,200,5,50,2700,0.2000,0.0000,1.714608000000000e-01
damaged_d0.0,200,5,50,2700,0.2000,0.0000,1.749600000000000e-01
damaged_d0.2,200,5,50,2700,0.2000,0.2000,2.700000000000000e-01
damaged_d0.4,200,5,50,2700,0.2000,0.4000,4.556250000000000e-01
damaged_d0.5,200,5,50,2700,0.2000,0.5000,6.220800000000000e-01
damaged_d0.6,200,5,50,2700,0.2000,0.6000,8.926530612244898e-01
damaged_d0.7,200,5,50,2700,0.2000,0.7000,1.380355029585798e+00
slab,200,5,50,2900,0.2000,0.0000,1.879200000000000e-01
arch,200,5,50,2900,0.2000,0.0000,1.841616000000000e-01
damaged_d0.0,200,5,50,2900,0.2000,0.0000,1.879200000000000e-01
damaged_d0.2,200,5,50,2900,0.2000,0.2000,2.900000000000000e-01
damaged_d0.4,200,5,50,2900,0.2000,0.4000,4.893750000000000e-01
damaged_d0.5,200,5,50,2900,0.2000,0.5000,6.681600000000000e-01
damaged_d0.6,200,5,50,2900,0.2000,0.6000,9.587755102040816e-01
damaged_d0.7,200,5,50,2900,0.2000,0.7000,1.482603550295858e+00
slab,200,5,50,3100,0.2000,0.0000,2.008800000000000e-01
arch,200,5,50,3100,0.2000,0.0000,1.968624000000000e-01
damaged_d0.0,200,5,50,3100,0.2000,0.0000,2.008800000000000e-01
damaged_d0.2,200,5,50,3100,0.2000,0.2000,3.100000000000000e-01
damaged_d0.4,200,5,50,3100,0.2000,0.4000,5.231250000000000e-01
damaged_d0.5,200,5,50,3100,0.2000,0.5000,7.142400000000000e-01
damaged_d0.6,200,5,50,3100,0.2000,0.6000,1.024897959183674e+00
damaged_d0.7,200,5,50,3100,0.2000,0.7000,1.584852071005917e+00
slab,200,10,5,2700,0.2000,0.0000,4.374000000000000e-01
arch,200,10,5,2700,0.2000,0.0000,4.286520000000000e-01
damaged_d0.0,200,10,5,2700,0.2000,0.0000,4.374000000000000e-01
damaged_d0.2,200,10,5,2700,0.2000,0.2000,6.750000000000000e-01
damaged_d0.4,200,10,5,2700,0.2000,0.4000,1.139062500000000e+00
damaged_d0.5,200,10,5,2700,0.2000,0.5000,1.555200000000000e+00
damaged_d0.6,200,10,5,2700,0.2000,0.6000,2.231632653061224e+00
damaged_d0.7,200,10,5,2700,0.2000,0.7000,3.450887573964497e+00
slab,200,10,5,2900,0.2000,0.0000,4.698000000000000e-01
arch,200,10,5,2900,0.2000,0.0000,4.604040000000000e-01
damaged_d0.0,200,10,5,2900,0.2000,0.0000,4.698000000000000e-01
damaged_d0.2,200,10,5,2900,0.2000,0.2000,7.250000000000000e-01
damaged_d0.4,200,10,5,2900,0.2000,0.4000,1.223437500000000e+00
damaged_d0.5,200,10,5,2900,0.2000,0.5000,1.670400000000000e+00
damaged_d0.6,200,10,5,2900,0.2000,0.6000,2.396938775510204e+00
damaged_d0.7,200,10,5,2900,0.2000,0.7000,3.706508875739645e+00
slab,200,10,5,3100,0.2000,0.0000,5.022000000000000e-01
arch,200,10,5,3100,0.2000,0.0000,4.921560000000000e-01
damaged_d0.0,200,10,5,3100,0.2000,0.0000,5.022000000000000e-01
damaged_d0.2,200,10,5,3100,0.2000,0.2000,7.750000000000000e-01
damaged_d0.4,200,10,5,3100,0.2000,0.4000,1.307812500000000e+00
damaged_d0.5,200,10,5,3100,0.2000,0.5000,1.785600000000000e+00
damaged_d0.6,200,10,5,3100,0.2000,0.6000,2.562244897959184e+00
damaged_d0.7,200,10,5,3100,0.2000,0.7000,3.962130177514792e+00
slab,200,10,10,2700,0.2000,0.0000,2.187000000000000e-01
arch,200,10,10,2700,0.2000,0.0000,2.143260000000000e-01
damaged_d0.0,200,10,10,2700,0.2000,0.0000,2.187000000000000e-01
damaged_d0.2,200,10,10,2700,0.2000,0.2000,3.375000000000000e-01
damaged_d0.4,200,10,10,2700,0.2000,0.4000,5.695312500000000e-01
damaged_d0.5,200,10,10,2700,0.2000,0.5000,7.776000000000000e-01
damaged_d0.6,200,10,10,2700,0.2000,0.6000,1.115816326530612e+00
damaged_d0.7,200,10,10,2700,0.2000,0.7000,1.725443786982248e+00
slab,200,10,10,2900,0.2000,0.0000,2.349000000000000e-01
arch,200,10,10,2900,0.2000,0.0000,2.302020000000000e-01
damaged_d0.0,200,10,10,2900,0.2000,0.0000,2.349000000000000e-01
damaged_d0.2,200,10,10,2900,0.2000,0.2000,3.625000000000000e-01
damaged_d0.4,200,10,10,2900,0.2000,0.4000,6.117187500000000e-01
damaged_d0.5,200,10,10,2900,0.2000,0.5000,8.352000000000001e-01
damaged_d0.6,200,10,10,2900,0.2000,0.6000,1.198469387755102e+00
damaged_d0.7,200,10,10,2900,0.2000,0.7000,1.853254437869822e+00
slab,200,10,10,3100,0.2000,0.0000,2.511000000000000e-01
arch,200,10,10,3100,0.2000,0.0000,2.460780000000000e-01
damaged_d0.0,200,10,10,3100,0.2000,0.0000,2.511000000000000e-01
damaged_d0.2,200,10,10,3100,0.2000,0.2000,3.875000000000000e-01
damaged_d0.4,200,10,10,3100,0.2000,0.4000,6.539062500000000e-01
damaged_d0.5,200,10,10,3100,0.2000,0.5000,8.928000000000000e-01
damaged_d0.6,200,10,10,3100,0.2000,0.6000,1.281122448979592e+00
damaged_d0.7,200,10,10,3100,0.2000,0.7000,1.981065088757396e+00
slab,200,10,20,2700,0.2000,0.0000,1.093500000000000e-01
arch,200,10,20,2700,0.2000,0.0000,1.071630000000000e-01
damaged_d0.0,200,10,20,2700,0.2000,0.0000,1.093500000000000e-01
damaged_d0.2,200,10,20,2700,0.2000,0.2000,1.687500000000000e-01
damaged_d0.4,200,10,20,2700,0.2000,0.4000,2.847656250000000e-01
damaged_d0.5,200,10,20,2700,0.2000,0.5000,3.888000000000000e-01
damaged_d0.6,200,10,20,2700,0.2000,0.6000,5.579081632653061e-01
damaged_d0.7,200,10,20,2700,0.2000,0.7000,8.627218934911242e-01
slab,200,10,20,2900,0.2000,0.0000,1.174500000000000e-01
arch,200,10,20,2900,0.2000,0.0000,1.151010000000000e-01
damaged_d0.0,200,10,20,2900,0.2000,0.0000,1.174500000000000e-01
damaged_d0.2,200,10,20,2900,0.2000,0.2000,1.812500000000000e-01
damaged_d0.4,200,10,20,2900,0.2000,0.4000,3.058593750000000e-01
damaged_d0.5,200,10,20,2900,0.2000,0.5000,4.176000000000000e-01
damaged_d0.6,200,10,20,2900,0.2000,0.6000,5.992346938775510e-01
damaged_d0.7,200,10,20,2900,0.2000,0.7000,9.266272189349112e-01
slab,200,10,20,3100,0.2000,0.0000,1.255500000000000e-01
arch,200,10,20,3100,0.2000,0.0000,1.230390000000000e-01
damaged_d0.0,200,10,20,3100,0.2000,0.0000,1.255500000000000e-01
damaged_d0.2,200,10,20,3100,0.2000,0.2000,1.937500000000000e-01
damaged_d0.4,200,10,20,3100,0.2000,0.4000,3.269531250000000e-01
damaged_d0.5,200,10,20,3100,0.2000,0.5000,4.464000000000000e-01
damaged_d0.6,200,10,20,3100,0.2000,0.6000,6.405612244897959e-01
damaged_d0.7,200,10,20,3100,0.2000,0.7000,9.905325443786981e-01
slab,200,10,50,2700,0.2000,0.0000,4.374000000000000e-02
arch,200,10,50,2700,0.2000,0.0000,4.286520000000000e-02
damaged_d0.0,200,10,50,2700,0.2000,0.0000,4.374000000000000e-02
damaged_d0.2,200,10,50,2700,0.2000,0.2000,6.750000000000000e-02
damaged_d0.4,200,10,50,2700,0.2000,0.4000,1.139062500000000e-01
damaged_d0.5,200,10,50,2700,0.2000,0.5000,1.555200000000000e-01
damaged_d0.6,200,10,50,2700,0.2000,0.6000,2.231632653061225e-01
damaged_d0.7,200,10,50,2700,0.2000,0.7000,3.450887573964496e-01
slab,200,10,50,2900,0.2000,0.0000,4.698000000000000e-02
arch,200,10,50,2900,0.2000,0.0000,4.604040000000000e-02
damaged_d0.0,200,10,50,2900,0.2000,0.0000,4.698000000000000e-02
damaged_d0.2,200,10,50,2900,0.2000,0.2000,7.250000000000000e-02
damaged_d0.4,200,10,50,2900,0.2000,0.4000,1.223437500000000e-01
damaged_d0.5,200,10,50,2900,0.2000,0.5000,1.670400000000000e-01
damaged_d0.6,200,10,50,2900,0.2000,0.6000,2.396938775510204e-01
damaged_d0.7,200,10,50,2900,0.2000,0.7000,3.706508875739644e-01
slab,200,10,50,3100,0.2000,0.0000,5.022000000000000e-02
arch,200,10,50,3100,0.2000,0.0000,4.921560000000000e-02
damaged_d0.0,200,10,50,3100,0.2000,0.0000,5.022000000000000e-02
damaged_d0.2,200,10,50,3100,0.2000,0.2000,7.750000000000000e-02
damaged_d0.4,200,10,50,3100,0.2000,0.4000,1.307812500000000e-01
damaged_d0.5,200,10,50,3100,0.2000,0.5000,1.785600000000000e-01
damaged_d0.6,200,10,50,3100,0.2000,0.6000,2.562244897959184e-01
damaged_d0.7,200,10,50,3100,0.2000,0.7000,3.962130177514792e-01
slab,200,20,5,2700,0.2000,0.0000,1.093500000000000e-01
arch,200,20,5,2700,0.2000,0.0000,1.071630000000000e-01
damaged_d0.0,200,20,5,2700,0.2000,0.0000,1.093500000000000e-01
damaged_d0.2,200,20,5,2700,0.2000,0.2000,1.687500000000000e-01
damaged_d0.4,200,20,5,2700,0.2000,0.4000,2.847656250000000e-01
damaged_d0.5,200,20,5,2700,0.2000,0.5000,3.888000000000000e-01
damaged_d0.6,200,20,5,2700,0.2000,0.6000,5.579081632653061e-01
damaged_d0.7,200,20,5,2700,0.2000,0.7000,8.627218934911242e-01
slab,200,20,5,2900,0.2000,0.0000,1.174500000000000e-01
arch,200,20,5,2900,0.2000,0.0000,1.151010000000000e-01
damaged_d0.0,200,20,5,2900,0.2000,0.0000,1.174500000000000e-01
damaged_d0.2,200,20,5,2900,0.2000,0.2000,1.812500000000000e-01
damaged_d0.4,200,20,5,2900,0.2000,0.4000,3.058593750000000e-01
damaged_d0.5,200,20,5,2900,0.2000,0.5000,4.176000000000000e-01
damaged_d0.6,200,20,5,2900,0.2000,0.6000,5.992346938775510e-01
damaged_d0.7,200,20,5,2900,0.2000,0.7000,9.266272189349112e-01
slab,200,20,5,3100,0.2000,0.0000,1.255500000000000e-01
arch,200,20,5,3100,0.2000,0.0000,1.230390000000000e-01
damaged_d0.0,200,20,5,3100,0.2000,0.0000,1.255500000000000e-01
damaged_d0.2,200,20,5,3100,0.2000,0.2000,1.937500000000000e-01
damaged_d0.4,200,20,5,3100,0.2000,0.4000,3.269531250000000e-01
damaged_d0.5,200,20,5,3100,0.2000,0.5000,4.464000000000000e-01
damaged_d0.6,200,20,5,3100,0.2000,0.6000,6.405612244897959e-01
damaged_d0.7,200,20,5,3100,0.2000,0.7000,9.905325443786981e-01
slab,200,20,10,2700,0.2000,0.0000,5.467500000000000e-02
arch,200,20,10,2700,0.2000,0.0000,5.358150000000000e-02
damaged_d0.0,200,20,10,2700,0.2000,0.0000,5.467500000000000e-02
damaged_d0.2,200,20,10,2700,0.2000,0.2000,8.437500000000001e-02
damaged_d0.4,200,20,10,2700,0.2000,0.4000,1.423828125000000e-01
damaged_d0.5,200,20,10,2700,0.2000,0.5000,1.944000000000000e-01
damaged_d0.6,200,20,10,2700,0.2000,0.6000,2.789540816326531e-01
damaged_d0.7,200,20,10,2700,0.2000,0.7000,4.313609467455621e-01
slab,200,20,10,2900,0.2000,0.0000,5.872500000000000e-02
arch,200,20,10,2900,0.2000,0.0000,5.755050000000000e-02
damaged_d0.0,200,20,10,2900,0.2000,0.0000,5.872500000000000e-02
damaged_d0.2,200,20,10,2900,0.2000,0.2000,9.062500000000000e-02
damaged_d0.4,200,20,10,2900,0.2000,0.4000,1.529296875000000e-01
damaged_d0.5,200,20,10,2900,0.2000,0.5000,2.088000000000000e-01
damaged_d0.6,200,20,10,2900,0.2000,0.6000,2.996173469387755e-01
damaged_d0.7,200,20,10,2900,0.2000,0.7000,4.633136094674556e-01
slab,200,20,10,3100,0.2000,0.0000,6.277500000000000e-02
arch,200,20,10,3100,0.2000,0.0000,6.151950000000000e-02
damaged_d0.0,200,20,10,3100,0.2000,0.0000,6.277500000000000e-02
damaged_d0.2,200,20,10,3100,0.2000,0.2000,9.687500000000000e-02
damaged_d0.4,200,20,10,3100,0.2000,0.4000,1.634765625000000e-01
damaged_d0.5,200,20,10,3100,0.2000,0.5000,2.232000000000000e-01
damaged_d0.6,200,20,10,3100,0.2000,0.6000,3.202806122448980e-01
damaged_d0.7,200,20,10,3100,0.2000,0.7000,4.952662721893490e-01
slab,200,20,20,2700,0.2000,0.0000,2.733750000000000e-02
arch,200,20,20,2700,0.2000,0.0000,2.679075000000000e-02
damaged_d0.0,200,20,20,2700,0.2000,0.0000,2.733750000000000e-02
damaged_d0.2,200,20,20,2700,0.2000,0.2000,4.218750000000000e-02
damaged_d0.4,200,20,20,2700,0.2000,0.4000,7.119140625000001e-02
damaged_d0.5,200,20,20,2700,0.2000,0.5000,9.719999999999999e-02
damaged_d0.6,200,20,20,2700,0.2000,0.6000,1.394770408163265e-01
damaged_d0.7,200,20,20,2700,0.2000,0.7000,2.156804733727810e-01
slab,200,20,20,2900,0.2000,0.0000,2.936250000000000e-02
arch,200,20,20,2900,0.2000,0.0000,2.877525000000000e-02
damaged_d0.0,200,20,20,2900,0.2000,0.0000,2.936250000000000e-02
damaged_d0.2,200,20,20,2900,0.2000,0.2000,4.531250000000000e-02
damaged_d0.4,200,20,20,2900,0.2000,0.4000,7.646484375000000e-02
damaged_d0.5,200,20,20,2900,0.2000,0.5000,1.044000000000000e-01
damaged_d0.6,200,20,20,2900,0.2000,0.6000,1.498086734693878e-01
damaged_d0.7,200,20,20,2900,0.2000,0.7000,2.316568047337278e-01
slab,200,20,20,3100,0.2000,0.0000,3.138750000000000e-02
arch,200,20,20,3100,0.2000,0.0000,3.075975000000000e-02
damaged_d0.0,200,20,20,3100,0.2000,0.0000,3.138750000000000e-02
damaged_d0.2,200,20,20,3100,0.2000,0.2000,4.843750000000000e-02
damaged_d0.4,200,20,20,3100,0.2000,0.4000,8.173828125000000e-02
damaged_d0.5,200,20,20,3100,0.2000,0.5000,1.116000000000000e-01
damaged_d0.6,200,20,20,3100,0.2000,0.6000,1.601403061224490e-01
damaged_d0.7,200,20,20,3100,0.2000,0.7000,2.476331360946745e-01
slab,200,20,50,2700,0.2000,0.0000,1.093500000000000e-02
arch,200,20,50,2700,0.2000,0.0000,1.071630000000000e-02
damaged_d0.0,200,20,50,2700,0.2000,0.0000,1.093500000000000e-02
damaged_d0.2,200,20,50,2700,0.2000,0.2000,1.687500000000000e-02
damaged_d0.4,200,20,50,2700,0.2000,0.4000,2.847656250000000e-02
damaged_d0.5,200,20,50,2700,0.2000,0.5000,3.888000000000000e-02
damaged_d0.6,200,20,50,2700,0.2000,0.6000,5.579081632653062e-02
damaged_d0.7,200,20,50,2700,0.2000,0.7000,8.627218934911240e-02
slab,200,20,50,2900,0.2000,0.0000,1.174500000000000e-02
arch,200,20,50,2900,0.2000,0.0000,1.151010000000000e-02
damaged_d0.0,200,20,50,2900,0.2000,0.0000,1.174500000000000e-02
damaged_d0.2,200,20,50,2900,0.2000,0.2000,1.812500000000000e-02
damaged_d0.4,200,20,50,2900,0.2000,0.4000,3.058593750000000e-02
damaged_d0.5,200,20,50,2900,0.2000,0.5000,4.176000000000000e-02
damaged_d0.6,200,20,50,2900,0.2000,0.6000,5.992346938775510e-02
damaged_d0.7,200,20,50,2900,0.2000,0.7000,9.266272189349110e-02
slab,200,20,50,3100,0.2000,0.0000,1.255500000000000e-02
arch,200,20,50,3100,0.2000,0.0000,1.230390000000000e-02
damaged_d0.0,200,20,50,3100,0.2000,0.0000,1.255500000000000e-02
damaged_d0.2,200,20,50,3100,0.2000,0.2000,1.937500000000000e-02
damaged_d0.4,200,20,50,3100,0.2000,0.4000,3.269531250000000e-02
damaged_d0.5,200,20,50,3100,0.2000,0.5000,4.464000000000000e-02
damaged_d0.6,200,20,50,3100,0.2000,0.6000,6.405612244897960e-02
damaged_d0.7,200,20,50,3100,0.2000,0.7000,9.905325443786980e-02
slab,200,26,5,2700,0.2000,0.0000,6.470414201183432e-02
arch,200,26,5,2700,0.2000,0.0000,6.341005917159763e-02
damaged_d0.0,200,26,5,2700,0.2000,0.0000,6.470414201183432e-02
damaged_d0.2,200,26,5,2700,0.2000,0.2000,9.985207100591714e-02
damaged_d0.4,200,26,5,2700,0.2000,0.4000,1.685003698224852e-01
damaged_d0.5,200,26,5,2700,0.2000,0.5000,2.300591715976331e-01
damaged_d0.6,200,26,5,2700,0.2000,0.6000,3.301231735297670e-01
damaged_d0.7,200,26,5,2700,0.2000,0.7000,5.104863275095408e-01
slab,200,26,5,2900,0.2000,0.0000,6.949704142011834e-02
arch,200,26,5,2900,0.2000,0.0000,6.810710059171597e-02
damaged_d0.0,200,26,5,2900,0.2000,0.0000,6.949704142011834e-02
damaged_d0.2,200,26,5,2900,0.2000,0.2000,1.072485207100592e-01
damaged_d0.4,200,26,5,2900,0.2000,0.4000,1.809818786982248e-01
damaged_d0.5,200,26,5,2900,0.2000,0.5000,2.471005917159763e-01
damaged_d0.6,200,26,5,2900,0.2000,0.6000,3.545767419393794e-01
damaged_d0.7,200,26,5,2900,0.2000,0.7000,5.483001295472846e-01
slab,200,26,5,3100,0.2000,0.0000,7.428994082840237e-02
arch,200,26,5,3100,0.2000,0.0000,7.280414201183433e-02
damaged_d0.0,200,26,5,3100,0.2000,0.0000,7.428994082840237e-02
damaged_d0.2,200,26,5,3100,0.2000,0.2000,1.146449704142012e-01
damaged_d0.4,200,26,5,3100,0.2000,0.4000,1.934633875739645e-01
damaged_d0.5,200,26,5,3100,0.2000,0.5000,2.641420118343195e-01
damaged_d0.6,200,26,5,3100,0.2000,0.6000,3.790303103489918e-01
damaged_d0.7,200,26,5,3100,0.2000,0.7000,5.861139315850283e-01
slab,200,26,10,2700,0.2000,0.0000,3.235207100591716e-02
arch,200,26,10,2700,0.2000,0.0000,3.170502958579881e-02
damaged_d0.0,200,26,10,2700,0.2000,0.0000,3.235207100591716e-02
damaged_d0.2,200,26,10,2700,0.2000,0.2000,4.992603550295857e-02
damaged_d0.4,200,26,10,2700,0.2000,0.4000,8.425018491124259e-02
damaged_d0.5,200,26,10,2700,0.2000,0.5000,1.150295857988166e-01
damaged_d0.6,200,26,10,2700,0.2000,0.6000,1.650615867648835e-01
damaged_d0.7,200,26,10,2700,0.2000,0.7000,2.552431637547704e-01
slab,200,26,10,2900,0.2000,0.0000,3.474852071005917e-02
arch,200,26,10,2900,0.2000,0.0000,3.405355029585799e-02
damaged_d0.0,200,26,10,2900,0.2000,0.0000,3.474852071005917e-02
damaged_d0.2,200,26,10,2900,0.2000,0.2000,5.362426035502958e-02
damaged_d0.4,200,26,10,2900,0.2000,0.4000,9.049093934911241e-02
damaged_d0.5,200,26,10,2900,0.2000,0.5000,1.235502958579882e-01
damaged_d0.6,200,26,10,2900,0.2000,0.6000,1.772883709696897e-01
damaged_d0.7,200,26,10,2900,0.2000,0.7000,2.741500647736423e-01
slab,200,26,10,3100,0.2000,0.0000,3.714497041420119e-02
arch,200,26,10,3100,0.2000,0.0000,3.640207100591716e-02
damaged_d0.0,200,26,10,3100,0.2000,0.0000,3.714497041420119e-02
damaged_d0.2,200,26,10,3100,0.2000,0.2000,5.732248520710059e-02
damaged_d0.4,200,26,10,3100,0.2000,0.4000,9.673169378698224e-02
damaged_d0.5,200,26,10,3100,0.2000,0.5000,1.320710059171598e-01
damaged_d0.6,200,26,10,3100,0.2000,0.6000,1.895151551744959e-01
damaged_d0.7,200,26,10,3100,0.2000,0.7000,2.930569657925142e-01
slab,200,26,20,2700,0.2000,0.0000,1.617603550295858e-02
arch,200,26,20,2700,0.2000,0.0000,1.585251479289941e-02
damaged_d0.0,200,26,20,2700,0.2000,0.0000,1.617603550295858e-02
damaged_d0.2,200,26,20,2700,0.2000,0.2000,2.496301775147929e-02
damaged_d0.4,200,26,20,2700,0.2000,0.4000,4.212509245562129e-02
damaged_d0.5,200,26,20,2700,0.2000,0.5000,5.751479289940829e-02
damaged_d0.6,200,26,20,2700,0.2000,0.6000,8.253079338244175e-02
damaged_d0.7,200,26,20,2700,0.2000,0.7000,1.276215818773852e-01
slab,200,26,20,2900,0.2000,0.0000,1.737426035502958e-02
arch,200,26,20,2900,0.2000,0.0000,1.702677514792899e-02
damaged_d0.0,200,26,20,2900,0.2000,0.0000,1.737426035502958e-02
damaged_d0.2,200,26,20,2900,0.2000,0.2000,2.681213017751479e-02
damaged_d0.4,200,26,20,2900,0.2000,0.4000,4.524546967455621e-02
damaged_d0.5,200,26,20,2900,0.2000,0.5000,6.177514792899409e-02
damaged_d0.6,200,26,20,2900,0.2000,0.6000,8.864418548484485e-02
damaged_d0.7,200,26,20,2900,0.2000,0.7000,1.370750323868211e-01
slab,200,26,20,3100,0.2000,0.0000,1.857248520710059e-02
arch,200,26,20,3100,0.2000,0.0000,1.820103550295858e-02
damaged_d0.0,200,26,20,3100,0.2000,0.0000,1.857248520710059e-02
damaged_d0.2,200,26,20,3100,0.2000,0.2000,2.866124260355029e-02
damaged_d0.4,200,26,20,3100,0.2000,0.4000,4.836584689349112e-02
damaged_d0.5,200,26,20,3100,0.2000,0.5000,6.603550295857988e-02
damaged_d0.6,200,26,20,3100,0.2000,0.6000,9.475757758724794e-02
damaged_d0.7,200,26,20,3100,0.2000,0.7000,1.465284828962571e-01
slab,200,26,50,2700,0.2000,0.0000,6.470414201183432e-03
arch,200,26,50,2700,0.2000,0.0000,6.341005917159763e-03
damaged_d0.0,200,26,50,2700,0.2000,0.0000,6.470414201183432e-03
damaged_d0.2,200,26,50,2700,0.2000,0.2000,9.985207100591715e-03
damaged_d0.4,200,26,50,2700,0.2000,0.4000,1.685003698224852e-02
damaged_d0.5,200,26,50,2700,0.2000,0.5000,2.300591715976331e-02
damaged_d0.6,200,26,50,2700,0.2000,0.6000,3.301231735297670e-02
damaged_d0.7,200,26,50,2700,0.2000,0.7000,5.104863275095408e-02
slab,200,26,50,2900,0.2000,0.0000,6.949704142011835e-03
arch,200,26,50,2900,0.2000,0.0000,6.810710059171598e-03
damaged_d0.0,200,26,50,2900,0.2000,0.0000,6.949704142011835e-03
damaged_d0.2,200,26,50,2900,0.2000,0.2000,1.072485207100591e-02
damaged_d0.4,200,26,50,2900,0.2000,0.4000,1.809818786982248e-02
damaged_d0.5,200,26,50,2900,0.2000,0.5000,2.471005917159763e-02
damaged_d0.6,200,26,50,2900,0.2000,0.6000,3.545767419393794e-02
damaged_d0.7,200,26,50,2900,0.2000,0.7000,5.483001295472846e-02
slab,200,26,50,3100,0.2000,0.0000,7.428994082840237e-03
arch,200,26,50,3100,0.2000,0.0000,7.280414201183432e-03
damaged_d0.0,200,26,50,3100,0.2000,0.0000,7.428994082840237e-03
damaged_d0.2,200,26,50,3100,0.2000,0.2000,1.146449704142012e-02
damaged_d0.4,200,26,50,3100,0.2000,0.4000,1.934633875739645e-02
damaged_d0.5,200,26,50,3100,0.2000,0.5000,2.641420118343195e-02
damaged_d0.6,200,26,50,3100,0.2000,0.6000,3.790303103489917e-02
damaged_d0.7,200,26,50,3100,0.2000,0.7000,5.861139315850283e-02
slab,200,50,5,2700,0.2000,0.0000,1.749600000000000e-02
arch,200,50,5,2700,0.2000,0.0000,1.714608000000000e-02
damaged_d0.0,200,50,5,2700,0.2000,0.0000,1.749600000000000e-02
damaged_d0.2,200,50,5,2700,0.2000,0.2000,2.700000000000000e-02
damaged_d0.4,200,50,5,2700,0.2000,0.4000,4.556250000000000e-02
damaged_d0.5,200,50,5,2700,0.2000,0.5000,6.220800000000000e-02
damaged_d0.6,200,50,5,2700,0.2000,0.6000,8.926530612244898e-02
damaged_d0.7,200,50,5,2700,0.2000,0.7000,1.380355029585799e-01
slab,200,50,5,2900,0.2000,0.0000,1.879200000000000e-02
arch,200,50,5,2900,0.2000,0.0000,1.841616000000000e-02
damaged_d0.0,200,50,5,2900,0.2000,0.0000,1.879200000000000e-02
damaged_d0.2,200,50,5,2900,0.2000,0.2000,2.900000000000000e-02
damaged_d0.4,200,50,5,2900,0.2000,0.4000,4.893750000000000e-02
damaged_d0.5,200,50,5,2900,0.2000,0.5000,6.681600000000000e-02
damaged_d0.6,200,50,5,2900,0.2000,0.6000,9.587755102040817e-02
damaged_d0.7,200,50,5,2900,0.2000,0.7000,1.482603550295858e-01
slab,200,50,5,3100,0.2000,0.0000,2.008800000000000e-02
arch,200,50,5,3100,0.2000,0.0000,1.968624000000000e-02
damaged_d0.0,200,50,5,3100,0.2000,0.0000,2.008800000000000e-02
damaged_d0.2,200,50,5,3100,0.2000,0.2000,3.100000000000000e-02
damaged_d0.4,200,50,5,3100,0.2000,0.4000,5.231250000000000e-02
damaged_d0.5,200,50,5,3100,0.2000,0.5000,7.142400000000000e-02
damaged_d0.6,200,50,5,3100,0.2000,0.6000,1.024897959183673e-01
damaged_d0.7,200,50,5,3100,0.2000,0.7000,1.584852071005917e-01
slab,200,50,10,2700,0.2000,0.0000,8.748000000000001e-03
arch,200,50,10,2700,0.2000,0.0000,8.573040000000001e-03
damaged_d0.0,200,50,10,2700,0.2000,0.0000,8.748000000000001e-03
damaged_d0.2,200,50,10,2700,0.2000,0.2000,1.350000000000000e-02
damaged_d0.4,200,50,10,2700,0.2000,0.4000,2.278125000000000e-02
damaged_d0.5,200,50,10,2700,0.2000,0.5000,3.110400000000000e-02
damaged_d0.6,200,50,10,2700,0.2000,0.6000,4.463265306122449e-02
damaged_d0.7,200,50,10,2700,0.2000,0.7000,6.901775147928993e-02
slab,200,50,10,2900,0.2000,0.0000,9.396000000000000e-03
arch,200,50,10,2900,0.2000,0.0000,9.208080000000000e-03
damaged_d0.0,200,50,10,2900,0.2000,0.0000,9.396000000000000e-03
damaged_d0.2,200,50,10,2900,0.2000,0.2000,1.450000000000000e-02
damaged_d0.4,200,50,10,2900,0.2000,0.4000,2.446875000000000e-02
damaged_d0.5,200,50,10,2900,0.2000,0.5000,3.340800000000000e-02
damaged_d0.6,200,50,10,2900,0.2000,0.6000,4.793877551020408e-02
damaged_d0.7,200,50,10,2900,0.2000,0.7000,7.413017751479289e-02
slab,200,50,10,3100,0.2000,0.0000,1.004400000000000e-02
arch,200,50,10,3100,0.2000,0.0000,9.843120000000000e-03
damaged_d0.0,200,50,10,3100,0.2000,0.0000,1.004400000000000e-02
damaged_d0.2,200,50,10,3100,0.2000,0.2000,1.550000000000000e-02
damaged_d0.4,200,50,10,3100,0.2000,0.4000,2.615625000000000e-02
damaged_d0.5,200,50,10,3100,0.2000,0.5000,3.571200000000000e-02
damaged_d0.6,200,50,10,3100,0.2000,0.6000,5.124489795918367e-02
damaged_d0.7,200,50,10,3100,0.2000,0.7000,7.924260355029585e-02
slab,200,50,20,2700,0.2000,0.0000,4.374000000000000e-03
arch,200,50,20,2700,0.2000,0.0000,4.286520000000000e-03
damaged_d0.0,200,50,20,2700,0.2000,0.0000,4.374000000000000e-03
damaged_d0.2,200,50,20,2700,0.2000,0.2000,6.750000000000000e-03
damaged_d0.4,200,50,20,2700,0.2000,0.4000,1.139062500000000e-02
damaged_d0.5,200,50,20,2700,0.2000,0.5000,1.555200000000000e-02
damaged_d0.6,200,50,20,2700,0.2000,0.6000,2.231632653061225e-02
damaged_d0.7,200,50,20,2700,0.2000,0.7000,3.450887573964496e-02
slab,200,50,20,2900,0.2000,0.0000,4.698000000000000e-03
arch,200,50,20,2900,0.2000,0.0000,4.604040000000000e-03
damaged_d0.0,200,50,20,2900,0.2000,0.0000,4.698000000000000e-03
damaged_d0.2,200,50,20,2900,0.2000,0.2000,7.250000000000000e-03
damaged_d0.4,200,50,20,2900,0.2000,0.4000,1.223437500000000e-02
damaged_d0.5,200,50,20,2900,0.2000,0.5000,1.670400000000000e-02
damaged_d0.6,200,50,20,2900,0.2000,0.6000,2.396938775510204e-02
damaged_d0.7,200,50,20,2900,0.2000,0.7000,3.706508875739645e-02
slab,200,50,20,3100,0.2000,0.0000,5.022000000000000e-03
arch,200,50,20,3100,0.2000,0.0000,4.921560000000000e-03
damaged_d0.0,200,50,20,3100,0.2000,0.0000,5.022000000000000e-03
damaged_d0.2,200,50,20,3100,0.2000,0.2000,7.750000000000000e-03
damaged_d0.4,200,50,20,3100,0.2000,0.4000,1.307812500000000e-02
damaged_d0.5,200,50,20,3100,0.2000,0.5000,1.785600000000000e-02
damaged_d0.6,200,50,20,3100,0.2000,0.6000,2.562244897959184e-02
damaged_d0.7,200,50,20,3100,0.2000,0.7000,3.962130177514792e-02
slab,200,50,50,2700,0.2000,0.0000,1.749600000000000e-03
arch,200,50,50,2700,0.2000,0.0000,1.714608000000000e-03
damaged_d0.0,200,50,50,2700,0.2000,0.0000,1.749600000000000e-03
damaged_d0.2,200,50,50,2700,0.2000,0.2000,2.700000000000000e-03
damaged_d0.4,200,50,50,2700,0.2000,0.4000,4.556250000000000e-03
damaged_d0.5,200,50,50,2700,0.2000,0.5000,6.220800000000000e-03
damaged_d0.6,200,50,50,2700,0.2000,0.6000,8.926530612244897e-03
damaged_d0.7,200,50,50,2700,0.2000,0.7000,1.380355029585799e-02
slab,200,50,50,2900,0.2000,0.0000,1.879200000000000e-03
arch,200,50,50,2900,0.2000,0.0000,1.841616000000000e-03
damaged_d0.0,200,50,50,2900,0.2000,0.0000,1.879200000000000e-03
damaged_d0.2,200,50,50,2900,0.2000,0.2000,2.900000000000000e-03
damaged_d0.4,200,50,50,2900,0.2000,0.4000,4.893750000000000e-03
damaged_d0.5,200,50,50,2900,0.2000,0.5000,6.681600000000000e-03
damaged_d0.6,200,50,50,2900,0.2000,0.6000,9.587755102040817e-03
damaged_d0.7,200,50,50,2900,0.2000,0.7000,1.482603550295858e-02
slab,200,50,50,3100,0.2000,0.0000,2.008800000000000e-03
arch,200,50,50,3100,0.2000,0.0000,1.968624000000000e-03
damaged_d0.0,200,50,50,3100,0.2000,0.0000,2.008800000000000e-03
damaged_d0.2,200,50,50,3100,0.2000,0.2000,3.100000000000000e-03
damaged_d0.4,200,50,50,3100,0.2000,0.4000,5.231250000000000e-03
damaged_d0.5,200,50,50,3100,0.2000,0.5000,7.142400000000000e-03
damaged_d0.6,200,50,50,3100,0.2000,0.6000,1.024897959183673e-02
damaged_d0.7,200,50,50,3100,0.2000,0.7000,1.584852071005917e-02
slab,300,5,5,2700,0.2000,0.0000,8.857350000000000e+00
arch,300,5,5,2700,0.2000,0.0000,8.680203000000001e+00
damaged_d0.0,300,5,5,2700,0.2000,0.0000,8.857350000000000e+00
damaged_d0.2,300,5,5,2700,0.2000,0.2000,1.366875000000000e+01
damaged_d0.4,300,5,5,2700,0.2000,0.4000,2.306601562500000e+01
damaged_d0.5,300,5,5,2700,0.2000,0.5000,3.149280000000000e+01
damaged_d0.6,300,5,5,2700,0.2000,0.6000,4.519056122448980e+01
damaged_d0.7,300,5,5,2700,0.2000,0.7000,6.988047337278105e+01
slab,300,5,5,2900,0.2000,0.0000,9.513450000000001e+00
arch,300,5,5,2900,0.2000,0.0000,9.323181000000000e+00
damaged_d0.0,300,5,5,2900,0.2000,0.0000,9.513450000000001e+00
damaged_d0.2,300,5,5,2900,0.2000,0.2000,1.468125000000000e+01
damaged_d0.4,300,5,5,2900,0.2000,0.4000,2.477460937500000e+01
damaged_d0.5,300,5,5,2900,0.2000,0.5000,3.382560000000000e+01
damaged_d0.6,300,5,5,2900,0.2000,0.6000,4.853801020408163e+01
damaged_d0.7,300,5,5,2900,0.2000,0.7000,7.505680473372780e+01
slab,300,5,5,3100,0.2000,0.0000,1.016955000000000e+01
arch,300,5,5,3100,0.2000,0.0000,9.966158999999999e+00
damaged_d0.0,300,5,5,3100,0.2000,0.0000,1.016955000000000e+01
damaged_d0.2,300,5,5,3100,0.2000,0.2000,1.569375000000000e+01
damaged_d0.4,300,5,5,3100,0.2000,0.4000,2.648320312500000e+01
damaged_d0.5,300,5,5,3100,0.2000,0.5000,3.615840000000000e+01
damaged_d0.6,300,5,5,3100,0.2000,0.6000,5.188545918367347e+01
damaged_d0.7,300,5,5,3100,0.2000,0.7000,8.023313609467455e+01
slab,300,5,10,2700,0.2000,0.0000,4.428675000000000e+00
arch,300,5,10,2700,0.2000,0.0000,4.340101500000000e+00
damaged_d0.0,300,5,10,2700,0.2000,0.0000,4.428675000000000e+00
damaged_d0.2,300,5,10,2700,0.2000,0.2000,6.834375000000000e+00
damaged_d0.4,300,5,10,2700,0.2000,0.4000,1.153300781250000e+01
damaged_d0.5,300,5,10,2700,0.2000,0.5000,1.574640000000000e+01
damaged_d0.6,300,5,10,2700,0.2000,0.6000,2.259528061224490e+01
damaged_d0.7,300,5,10,2700,0.2000,0.7000,3.494023668639053e+01
slab,300,5,10,2900,0.2000,0.0000,4.756725000000000e+00
arch,300,5,10,2900,0.2000,0.0000,4.661590500000000e+00
damaged_d0.0,300,5,10,2900,0.2000,0.0000,4.756725000000000e+00
damaged_d0.2,300,5,10,2900,0.2000,0.2000,7.340625000000000e+00
damaged_d0.4,300,5,10,2900,0.2000,0.4000,1.238730468750000e+01
damaged_d0.5,300,5,10,2900,0.2000,0.5000,1.691280000000000e+01
damaged_d0.6,300,5,10,2900,0.2000,0.6000,2.426900510204081e+01
damaged_d0.7,300,5,10,2900,0.2000,0.7000,3.752840236686390e+01
slab,300,5,10,3100,0.2000,0.0000,5.084775000000000e+00
arch,300,5,10,3100,0.2000,0.0000,4.983079500000000e+00
damaged_d0.0,300,5,10,3100,0.2000,0.0000,5.084775000000000e+00
damaged_d0.2,300,5,10,3100,0.2000,0.2000,7.846875000000000e+00
damaged_d0.4,300,5,10,3100,0.2000,0.4000,1.324160156250000e+01
damaged_d0.5,300,5,10,3100,0.2000,0.5000,1.807920000000000e+01
damaged_d0.6,300,5,10,3100,0.2000,0.6000,2.594272959183673e+01
damaged_d0.7,300,5,10,3100,0.2000,0.7000,4.011656804733727e+01
slab,300,5,20,2700,0.2000,0.0000,2.214337500000000e+00
arch,300,5,20,2700,0.2000,0.0000,2.170050750000000e+00
damaged_d0.0,300,5,20,2700,0.2000,0.0000,2.214337500000000e+00
damaged_d0.2,300,5,20,2700,0.2000,0.2000,3.417187500000000e+00
damaged_d0.4,300,5,20,2700,0.2000,0.4000,5.766503906250000e+00
damaged_d0.5,300,5,20,2700,0.2000,0.5000,7.873200000000000e+00
damaged_d0.6,300,5,20,2700,0.2000,0.6000,1.129764030612245e+01
damaged_d0.7,300,5,20,2700,0.2000,0.7000,1.747011834319526e+01
slab,300,5,20,2900,0.2000,0.0000,2.378362500000000e+00
arch,300,5,20,2900,0.2000,0.0000,2.330795250000000e+00
damaged_d0.0,300,5,20,2900,0.2000,0.0000,2.378362500000000e+00
damaged_d0.2,300,5,20,2900,0.2000,0.2000,3.670312500000000e+00
damaged_d0.4,300,5,20,2900,0.2000,0.4000,6.193652343750000e+00
damaged_d0.5,300,5,20,2900,0.2000,0.5000,8.456400000000000e+00
damaged_d0.6,300,5,20,2900,0.2000,0.6000,1.213450255102041e+01
damaged_d0.7,300,5,20,2900,0.2000,0.7000,1.876420118343195e+01
slab,300,5,20,3100,0.2000,0.0000,2.542387500000000e+00
arch,300,5,20,3100,0.2000,0.0000,2.491539750000000e+00
damaged_d0.0,300,5,20,3100,0.2000,0.0000,2.542387500000000e+00
damaged_d0.2,300,5,20,3100,0.2000,0.2000,3.923437500000000e+00
damaged_d0.4,300,5,20,3100,0.2000,0.4000,6.620800781250000e+00
damaged_d0.5,300,5,20,3100,0.2000,0.5000,9.039600000000000e+00
damaged_d0.6,300,5,20,3100,0.2000,0.6000,1.297136479591837e+01
damaged_d0.7,300,5,20,3100,0.2000,0.7000,2.005828402366864e+01
slab,300,5,50,2700,0.2000,0.0000,8.857350000000001e-01
arch,300,5,50,2700,0.2000,0.0000,8.680203000000001e-01
damaged_d0.0,300,5,50,2700,0.2000,0.0000,8.857350000000001e-01
damaged_d0.2,300,5,50,2700,0.2000,0.2000,1.366875000000000e+00
damaged_d0.4,300,5,50,2700,0.2000,0.4000,2.306601562500000e+00
damaged_d0.5,300,5,50,2700,0.2000,0.5000,3.149280000000000e+00
damaged_d0.6,300,5,50,2700,0.2000,0.6000,4.519056122448980e+00
damaged_d0.7,300,5,50,2700,0.2000,0.7000,6.988047337278105e+00
slab,300,5,50,2900,0.2000,0.0000,9.513450000000000e-01
arch,300,5,50,2900,0.2000,0.0000,9.323180999999999e-01
damaged_d0.0,300,5,50,2900,0.2000,0.0000,9.513450000000000e-01
damaged_d0.2,300,5,50,2900,0.2000,0.2000,1.468125000000000e+00
damaged_d0.4,300,5,50,2900,0.2000,0.4000,2.477460937500000e+00
damaged_d0.5,300,5,50,2900,0.2000,0.5000,3.382560000000000e+00
damaged_d0.6,300,5,50,2900,0.2000,0.6000,4.853801020408163e+00
damaged_d0.7,300,5,50,2900,0.2000,0.7000,7.505680473372780e+00
slab,300,5,50,3100,0.2000,0.0000,1.016955000000000e+00
arch,300,5,50,3100,0.2000,0.0000,9.966159000000000e-01
damaged_d0.0,300,5,50,3100,0.2000,0.0000,1.016955000000000e+00
damaged_d0.2,300,5,50,3100,0.2000,0.2000,1.569375000000000e+00
damaged_d0.4,300,5,50,3100,0.2000,0.4000,2.648320312500000e+00
damaged_d0.5,300,5,50,3100,0.2000,0.5000,3.615840000000000e+00
damaged_d0.6,300,5,50,3100,0.2000,0.6000,5.188545918367347e+00
damaged_d0.7,300,5,50,3100,0.2000,0.7000,8.023313609467454e+00
slab,300,10,5,2700,0.2000,0.0000,2.214337500000000e+00
arch,300,10,5,2700,0.2000,0.0000,2.170050750000000e+00
damaged_d0.0,300,10,5,2700,0.2000,0.0000,2.214337500000000e+00
damaged_d0.2,300,10,5,2700,0.2000,0.2000,3.417187500000000e+00
damaged_d0.4,300,10,5,2700,0.2000,0.4000,5.766503906250000e+00
damaged_d0.5,300,10,5,2700,0.2000,0.5000,7.873200000000000e+00
damaged_d0.6,300,10,5,2700,0.2000,0.6000,1.129764030612245e+01
damaged_d0.7,300,10,5,2700,0.2000,0.7000,1.747011834319526e+01
slab,300,10,5,2900,0.2000,0.0000,2.378362500000000e+00
arch,300,10,5,2900,0.2000,0.0000,2.330795250000000e+00
damaged_d0.0,300,10,5,2900,0.2000,0.0000,2.378362500000000e+00
damaged_d0.2,300,10,5,2900,0.2000,0.2000,3.670312500000000e+00
damaged_d0.4,300,10,5,2900,0.2000,0.4000,6.193652343750000e+00
damaged_d0.5,300,10,5,2900,0.2000,0.5000,8.456400000000000e+00
damaged_d0.6,300,10,5,2900,0.2000,0.6000,1.213450255102041e+01
damaged_d0.7,300,10,5,2900,0.2000,0.7000,1.876420118343195e+01
slab,300,10,5,3100,0.2000,0.0000,2.542387500000000e+00
arch,300,10,5,3100,0.2000,0.0000,2.491539750000000e+00
damaged_d0.0,300,10,5,3100,0.2000,0.0000,2.542387500000000e+00
damaged_d0.2,300,10,5,3100,0.2000,0.2000,3.923437500000000e+00
damaged_d0.4,300,10,5,3100,0.2000,0.4000,6.620800781250000e+00
damaged_d0.5,300,10,5,3100,0.2000,0.5000,9.039600000000000e+00
damaged_d0.6,300,10,5,3100,0.2000,0.6000,1.297136479591837e+01
damaged_d0.7,300,10,5,3100,0.2000,0.7000,2.005828402366864e+01
slab,300,10,10,2700,0.2000,0.0000,1.107168750000000e+00
arch,300,10,10,2700,0.2000,0.0000,1.085025375000000e+00
damaged_d0.0,300,10,10,2700,0.2000,0.0000,1.107168750000000e+00
damaged_d0.2,300,10,10,2700,0.2000,0.2000,1.708593750000000e+00
damaged_d0.4,300,10,10,2700,0.2000,0.4000,2.883251953125000e+00
damaged_d0.5,300,10,10,2700,0.2000,0.5000,3.936600000000000e+00
damaged_d0.6,300,10,10,2700,0.2000,0.6000,5.648820153061225e+00
damaged_d0.7,300,10,10,2700,0.2000,0.7000,8.735059171597632e+00
slab,300,10,10,2900,0.2000,0.0000,1.189181250000000e+00
arch,300,10,10,2900,0.2000,0.0000,1.165397625000000e+00
damaged_d0.0,300,10,10,2900,0.2000,0.0000,1.189181250000000e+00
damaged_d0.2,300,10,10,2900,0.2000,0.2000,1.835156250000000e+00
damaged_d0.4,300,10,10,2900,0.2000,0.4000,3.096826171875000e+00
damaged_d0.5,300,10,10,2900,0.2000,0.5000,4.228200000000000e+00
damaged_d0.6,300,10,10,2900,0.2000,0.6000,6.067251275510204e+00
damaged_d0.7,300,10,10,2900,0.2000,0.7000,9.382100591715975e+00
slab,300,10,10,3100,0.2000,0.0000,1.271193750000000e+00
arch,300,10,10,3100,0.2000,0.0000,1.245769875000000e+00
damaged_d0.0,300,10,10,3100,0.2000,0.0000,1.271193750000000e+00
damaged_d0.2,300,10,10,3100,0.2000,0.2000,1.961718750000000e+00
damaged_d0.4,300,10,10,3100,0.2000,0.4000,3.310400390625000e+00
damaged_d0.5,300,10,10,3100,0.2000,0.5000,4.519800000000000e+00
damaged_d0.6,300,10,10,3100,0.2000,0.6000,6.485682397959184e+00
damaged_d0.7,300,10,10,3100,0.2000,0.7000,1.002914201183432e+01
slab,300,10,20,2700,0.2000,0.0000,5.535843750000000e-01
arch,300,10,20,2700,0.2000,0.0000,5.425126875000000e-01
damaged_d0.0,300,10,20,2700,0.2000,0.0000,5.535843750000000e-01
damaged_d0.2,300,10,20,2700,0.2000,0.2000,8.542968750000000e-01
damaged_d0.4,300,10,20,2700,0.2000,0.4000,1.441625976562500e+00
damaged_d0.5,300,10,20,2700,0.2000,0.5000,1.968300000000000e+00
damaged_d0.6,300,10,20,2700,0.2000,0.6000,2.824410076530612e+00
damaged_d0.7,300,10,20,2700,0.2000,0.7000,4.367529585798816e+00
slab,300,10,20,2900,0.2000,0.0000,5.945906250000000e-01
arch,300,10,20,2900,0.2000,0.0000,5.826988125000000e-01
damaged_d0.0,300,10,20,2900,0.2000,0.0000,5.945906250000000e-01
damaged_d0.2,300,10,20,2900,0.2000,0.2000,9.175781250000000e-01
damaged_d0.4,300,10,20,2900,0.2000,0.4000,1.548413085937500e+00
damaged_d0.5,300,10,20,2900,0.2000,0.5000,2.114100000000000e+00
damaged_d0.6,300,10,20,2900,0.2000,0.6000,3.033625637755102e+00
damaged_d0.7,300,10,20,2900,0.2000,0.7000,4.691050295857988e+00
slab,300,10,20,3100,0.2000,0.0000,6.355968750000000e-01
arch,300,10,20,3100,0.2000,0.0000,6.228849375000000e-01
damaged_d0.0,300,10,20,3100,0.2000,0.0000,6.355968750000000e-01
damaged_d0.2,300,10,20,3100,0.2000,0.2000,9.808593750000000e-01
damaged_d0.4,300,10,20,3100,0.2000,0.4000,1.655200195312500e+00
damaged_d0.5,300,10,20,3100,0.2000,0.5000,2.259900000000000e+00
damaged_d0.6,300,10,20,3100,0.2000,0.6000,3.242841198979592e+00
damaged_d0.7,300,10,20,3100,0.2000,0.7000,5.014571005917159e+00
slab,300,10,50,2700,0.2000,0.0000,2.214337500000000e-01
arch,300,10,50,2700,0.2000,0.0000,2.170050750000000e-01
damaged_d0.0,300,10,50,2700,0.2000,0.0000,2.214337500000000e-01
damaged_d0.2,300,10,50,2700,0.2000,0.2000,3.417187500000000e-01
damaged_d0.4,300,10,50,2700,0.2000,0.4000,5.766503906250000e-01
damaged_d0.5,300,10,50,2700,0.2000,0.5000,7.873200000000000e-01
damaged_d0.6,300,10,50,2700,0.2000,0.6000,1.129764030612245e+00
damaged_d0.7,300,10,50,2700,0.2000,0.7000,1.747011834319526e+00
slab,300,10,50,2900,0.2000,0.0000,2.378362500000000e-01
arch,300,10,50,2900,0.2000,0.0000,2.330795250000000e-01
damaged_d0.0,300,10,50,2900,0.2000,0.0000,2.378362500000000e-01
damaged_d0.2,300,10,50,2900,0.2000,0.2000,3.670312500000000e-01
damaged_d0.4,300,10,50,2900,0.2000,0.4000,6.193652343750000e-01
damaged_d0.5,300,10,50,2900,0.2000,0.5000,8.456399999999999e-01
damaged_d0.6,300,10,50,2900,0.2000,0.6000,1.213450255102041e+00
damaged_d0.7,300,10,50,2900,0.2000,0.7000,1.876420118343195e+00
slab,300,10,50,3100,0.2000,0.0000,2.542387500000000e-01
arch,300,10,50,3100,0.2000,0.0000,2.491539750000000e-01
damaged_d0.0,300,10,50,3100,0.2000,0.0000,2.542387500000000e-01
damaged_d0.2,300,10,50,3100,0.2000,0.2000,3.923437500000000e-01
damaged_d0.4,300,10,50,3100,0.2000,0.4000,6.620800781250000e-01
damaged_d0.5,300,10,50,3100,0.2000,0.5000,9.039600000000000e-01
damaged_d0.6,300,10,50,3100,0.2000,0.6000,1.297136479591837e+00
damaged_d0.7,300,10,50,3100,0.2000,0.7000,2.005828402366864e+00
slab,300,20,5,2700,0.2000,0.0000,5.535843750000000e-01
arch,300,20,5,2700,0.2000,0.0000,5.425126875000000e-01
damaged_d0.0,300,20,5,2700,0.2000,0.0000,5.535843750000000e-01
damaged_d0.2,300,20,5,2700,0.2000,0.2000,8.542968750000000e-01
damaged_d0.4,300,20,5,2700,0.2000,0.4000,1.441625976562500e+00
damaged_d0.5,300,20,5,2700,0.2000,0.5000,1.968300000000000e+00
damaged_d0.6,300,20,5,2700,0.2000,0.6000,2.824410076530612e+00
damaged_d0.7,300,20,5,2700,0.2000,0.7000,4.367529585798816e+00
slab,300,20,5,2900,0.2000,0.0000,5.945906250000000e-01
arch,300,20,5,2900,0.2000,0.0000,5.826988125000000e-01
damaged_d0.0,300,20,5,2900,0.2000,0.0000,5.945906250000000e-01
damaged_d0.2,300,20,5,2900,0.2000,0.2000,9.175781250000000e-01
damaged_d0.4,300,20,5,2900,0.2000,0.4000,1.548413085937500e+00
damaged_d0.5,300,20,5,2900,0.2000,0.5000,2.114100000000000e+00
damaged_d0.6,300,20,5,2900,0.2000,0.6000,3.033625637755102e+00
damaged_d0.7,300,20,5,2900,0.2000,0.7000,4.691050295857988e+00
slab,300,20,5,3100,0.2000,0.0000,6.355968750000000e-01
arch,300,20,5,3100,0.2000,0.0000,6.228849375000000e-01
damaged_d0.0,300,20,5,3100,0.2000,0.0000,6.355968750000000e-01
damaged_d0.2,300,20,5,3100,0.2000,0.2000,9.808593750000000e-01
damaged_d0.4,300,20,5,3100,0.2000,0.4000,1.655200195312500e+00
damaged_d0.5,300,20,5,3100,0.2000,0.5000,2.259900000000000e+00
damaged_d0.6,300,20,5,3100,0.2000,0.6000,3.242841198979592e+00
damaged_d0.7,300,20,5,3100,0.2000,0.7000,5.014571005917159e+00
slab,300,20,10,2700,0.2000,0.0000,2.767921875000000e-01
arch,300,20,10,2700,0.2000,0.0000,2.712563437500000e-01
damaged_d0.0,300,20,10,2700,0.2000,0.0000,2.767921875000000e-01
damaged_d0.2,300,20,10,2700,0.2000,0.2000,4.271484375000000e-01
damaged_d0.4,300,20,10,2700,0.2000,0.4000,7.208129882812500e-01
damaged_d0.5,300,20,10,2700,0.2000,0.5000,9.841500000000000e-01
damaged_d0.6,300,20,10,2700,0.2000,0.6000,1.412205038265306e+00
damaged_d0.7,300,20,10,2700,0.2000,0.7000,2.183764792899408e+00
slab,300,20,10,2900,0.2000,0.0000,2.972953125000000e-01
arch,300,20,10,2900,0.2000,0.0000,2.913494062500000e-01
damaged_d0.0,300,20,10,2900,0.2000,0.0000,2.972953125000000e-01
damaged_d0.2,300,20,10,2900,0.2000,0.2000,4.587890625000000e-01
damaged_d0.4,300,20,10,2900,0.2000,0.4000,7.742065429687500e-01
damaged_d0.5,300,20,10,2900,0.2000,0.5000,1.057050000000000e+00
damaged_d0.6,300,20,10,2900,0.2000,0.6000,1.516812818877551e+00
damaged_d0.7,300,20,10,2900,0.2000,0.7000,2.345525147928994e+00
slab,300,20,10,3100,0.2000,0.0000,3.177984375000000e-01
arch,300,20,10,3100,0.2000,0.0000,3.114424687500000e-01
damaged_d0.0,300,20,10,3100,0.2000,0.0000,3.177984375000000e-01
damaged_d0.2,300,20,10,3100,0.2000,0.2000,4.904296875000000e-01
damaged_d0.4,300,20,10,3100,0.2000,0.4000,8.276000976562500e-01
damaged_d0.5,300,20,10,3100,0.2000,0.5000,1.129950000000000e+00
damaged_d0.6,300,20,10,3100,0.2000,0.6000,1.621420599489796e+00
damaged_d0.7,300,20,10,3100,0.2000,0.7000,2.507285502958580e+00
slab,300,20,20,2700,0.2000,0.0000,1.383960937500000e-01
arch,300,20,20,2700,0.2000,0.0000,1.356281718750000e-01
damaged_d0.0,300,20,20,2700,0.2000,0.0000,1.383960937500000e-01
damaged_d0.2,300,20,20,2700,0.2000,0.2000,2.135742187500000e-01
damaged_d0.4,300,20,20,2700,0.2000,0.4000,3.604064941406250e-01
damaged_d0.5,300,20,20,2700,0.2000,0.5000,4.920750000000000e-01
damaged_d0.6,300,20,20,2700,0.2000,0.6000,7.061025191326531e-01
damaged_d0.7,300,20,20,2700,0.2000,0.7000,1.091882396449704e+00
slab,300,20,20,2900,0.2000,0.0000,1.486476562500000e-01
arch,300,20,20,2900,0.2000,0.0000,1.456747031250000e-01
damaged_d0.0,300,20,20,2900,0.2000,0.0000,1.486476562500000e-01
damaged_d0.2,300,20,20,2900,0.2000,0.2000,2.293945312500000e-01
damaged_d0.4,300,20,20,2900,0.2000,0.4000,3.871032714843750e-01
damaged_d0.5,300,20,20,2900,0.2000,0.5000,5.285250000000000e-01
damaged_d0.6,300,20,20,2900,0.2000,0.6000,7.584064094387755e-01
damaged_d0.7,300,20,20,2900,0.2000,0.7000,1.172762573964497e+00
slab,300,20,20,3100,0.2000,0.0000,1.588992187500000e-01
arch,300,20,20,3100,0.2000,0.0000,1.557212343750000e-01
damaged_d0.0,300,20,20,3100,0.2000,0.0000,1.588992187500000e-01
damaged_d0.2,300,20,20,3100,0.2000,0.2000,2.452148437500000e-01
damaged_d0.4,300,20,20,3100,0.2000,0.4000,4.138000488281250e-01
damaged_d0.5,300,20,20,3100,0.2000,0.5000,5.649750000000000e-01
damaged_d0.6,300,20,20,3100,0.2000,0.6000,8.107102997448979e-01
damaged_d0.7,300,20,20,3100,0.2000,0.7000,1.253642751479290e+00
slab,300,20,50,2700,0.2000,0.0000,5.535843750000000e-02
arch,300,20,50,2700,0.2000,0.0000,5.425126875000000e-02
damaged_d0.0,300,20,50,2700,0.2000,0.0000,5.535843750000000e-02
damaged_d0.2,300,20,50,2700,0.2000,0.2000,8.542968750000000e-02
damaged_d0.4,300,20,50,2700,0.2000,0.4000,1.441625976562500e-01
damaged_d0.5,300,20,50,2700,0.2000,0.5000,1.968300000000000e-01
damaged_d0.6,300,20,50,2700,0.2000,0.6000,2.824410076530612e-01
damaged_d0.7,300,20,50,2700,0.2000,0.7000,4.367529585798816e-01
slab,300,20,50,2900,0.2000,0.0000,5.945906250000000e-02
arch,300,20,50,2900,0.2000,0.0000,5.826988125000000e-02
damaged_d0.0,300,20,50,2900,0.2000,0.0000,5.945906250000000e-02
damaged_d0.2,300,20,50,2900,0.2000,0.2000,9.175781249999999e-02
damaged_d0.4,300,20,50,2900,0.2000,0.4000,1.548413085937500e-01
damaged_d0.5,300,20,50,2900,0.2000,0.5000,2.114100000000000e-01
damaged_d0.6,300,20,50,2900,0.2000,0.6000,3.033625637755102e-01
damaged_d0.7,300,20,50,2900,0.2000,0.7000,4.691050295857987e-01
slab,300,20,50,3100,0.2000,0.0000,6.355968750000000e-02
arch,300,20,50,3100,0.2000,0.0000,6.228849375000000e-02
damaged_d0.0,300,20,50,3100,0.2000,0.0000,6.355968750000000e-02
damaged_d0.2,300,20,50,3100,0.2000,0.2000,9.808593750000000e-02
damaged_d0.4,300,20,50,3100,0.2000,0.4000,1.655200195312500e-01
damaged_d0.5,300,20,50,3100,0.2000,0.5000,2.259900000000000e-01
damaged_d0.6,300,20,50,3100,0.2000,0.6000,3.242841198979592e-01
damaged_d0.7,300,20,50,3100,0.2000,0.7000,5.014571005917159e-01
slab,300,26,5,2700,0.2000,0.0000,3.275647189349112e-01
arch,300,26,5,2700,0.2000,0.0000,3.210134245562130e-01
damaged_d0.0,300,26,5,2700,0.2000,0.0000,3.275647189349112e-01
damaged_d0.2,300,26,5,2700,0.2000,0.2000,5.055011094674555e-01
damaged_d0.4,300,26,5,2700,0.2000,0.4000,8.530331222263312e-01
damaged_d0.5,300,26,5,2700,0.2000,0.5000,1.164674556213018e+00
damaged_d0.6,300,26,5,2700,0.2000,0.6000,1.671248565994445e+00
damaged_d0.7,300,26,5,2700,0.2000,0.7000,2.584337033017050e+00
slab,300,26,5,2900,0.2000,0.0000,3.518287721893491e-01
arch,300,26,5,2900,0.2000,0.0000,3.447921967455621e-01
damaged_d0.0,300,26,5,2900,0.2000,0.0000,3.518287721893491e-01
damaged_d0.2,300,26,5,2900,0.2000,0.2000,5.429456360946745e-01
damaged_d0.4,300,26,5,2900,0.2000,0.4000,9.162207609097631e-01
damaged_d0.5,300,26,5,2900,0.2000,0.5000,1.250946745562130e+00
damaged_d0.6,300,26,5,2900,0.2000,0.6000,1.795044756068108e+00
damaged_d0.7,300,26,5,2900,0.2000,0.7000,2.775769405833128e+00
slab,300,26,5,3100,0.2000,0.0000,3.760928254437870e-01
arch,300,26,5,3100,0.2000,0.0000,3.685709689349112e-01
damaged_d0.0,300,26,5,3100,0.2000,0.0000,3.760928254437870e-01
damaged_d0.2,300,26,5,3100,0.2000,0.2000,5.803901627218935e-01
damaged_d0.4,300,26,5,3100,0.2000,0.4000,9.794083995931950e-01
damaged_d0.5,300,26,5,3100,0.2000,0.5000,1.337218934911243e+00
damaged_d0.6,300,26,5,3100,0.2000,0.6000,1.918840946141771e+00
damaged_d0.7,300,26,5,3100,0.2000,0.7000,2.967201778649206e+00
slab,300,26,10,2700,0.2000,0.0000,1.637823594674556e-01
arch,300,26,10,2700,0.2000,0.0000,1.605067122781065e-01
damaged_d0.0,300,26,10,2700,0.2000,0.0000,1.637823594674556e-01
damaged_d0.2,300,26,10,2700,0.2000,0.2000,2.527505547337278e-01
damaged_d0.4,300,26,10,2700,0.2000,0.4000,4.265165611131656e-01
damaged_d0.5,300,26,10,2700,0.2000,0.5000,5.823372781065089e-01
damaged_d0.6,300,26,10,2700,0.2000,0.6000,8.356242829972227e-01
damaged_d0.7,300,26,10,2700,0.2000,0.7000,1.292168516508525e+00
slab,300,26,10,2900,0.2000,0.0000,1.759143860946746e-01
arch,300,26,10,2900,0.2000,0.0000,1.723960983727811e-01
damaged_d0.0,300,26,10,2900,0.2000,0.0000,1.759143860946746e-01
damaged_d0.2,300,26,10,2900,0.2000,0.2000,2.714728180473372e-01
damaged_d0.4,300,26,10,2900,0.2000,0.4000,4.581103804548816e-01
damaged_d0.5,300,26,10,2900,0.2000,0.5000,6.254733727810651e-01
damaged_d0.6,300,26,10,2900,0.2000,0.6000,8.975223780340540e-01
damaged_d0.7,300,26,10,2900,0.2000,0.7000,1.387884702916564e+00
slab,300,26,10,3100,0.2000,0.0000,1.880464127218935e-01
arch,300,26,10,3100,0.2000,0.0000,1.842854844674556e-01
damaged_d0.0,300,26,10,3100,0.2000,0.0000,1.880464127218935e-01
damaged_d0.2,300,26,10,3100,0.2000,0.2000,2.901950813609467e-01
damaged_d0.4,300,26,10,3100,0.2000,0.4000,4.897041997965975e-01
damaged_d0.5,300,26,10,3100,0.2000,0.5000,6.686094674556213e-01
damaged_d0.6,300,26,10,3100,0.2000,0.6000,9.594204730708853e-01
damaged_d0.7,300,26,10,3100,0.2000,0.7000,1.483600889324603e+00
slab,300,26,20,2700,0.2000,0.0000,8.189117973372781e-02
arch,300,26,20,2700,0.2000,0.0000,8.025335613905325e-02
damaged_d0.0,300,26,20,2700,0.2000,0.0000,8.189117973372781e-02
damaged_d0.2,300,26,20,2700,0.2000,0.2000,1.263752773668639e-01
damaged_d0.4,300,26,20,2700,0.2000,0.4000,2.132582805565828e-01
damaged_d0.5,300,26,20,2700,0.2000,0.5000,2.911686390532545e-01
damaged_d0.6,300,26,20,2700,0.2000,0.6000,4.178121414986113e-01
damaged_d0.7,300,26,20,2700,0.2000,0.7000,6.460842582542625e-01
slab,300,26,20,2900,0.2000,0.0000,8.795719304733728e-02
arch,300,26,20,2900,0.2000,0.0000,8.619804918639053e-02
damaged_d0.0,300,26,20,2900,0.2000,0.0000,8.795719304733728e-02
damaged_d0.2,300,26,20,2900,0.2000,0.2000,1.357364090236686e-01
damaged_d0.4,300,26,20,2900,0.2000,0.4000,2.290551902274408e-01
damaged_d0.5,300,26,20,2900,0.2000,0.5000,3.127366863905325e-01
damaged_d0.6,300,26,20,2900,0.2000,0.6000,4.487611890170270e-01
damaged_d0.7,300,26,20,2900,0.2000,0.7000,6.939423514582820e-01
slab,300,26,20,3100,0.2000,0.0000,9.402320636094674e-02
arch,300,26,20,3100,0.2000,0.0000,9.214274223372780e-02
damaged_d0.0,300,26,20,3100,0.2000,0.0000,9.402320636094674e-02
damaged_d0.2,300,26,20,3100,0.2000,0.2000,1.450975406804734e-01
damaged_d0.4,300,26,20,3100,0.2000,0.4000,2.448520998982988e-01
damaged_d0.5,300,26,20,3100,0.2000,0.5000,3.343047337278107e-01
damaged_d0.6,300,26,20,3100,0.2000,0.6000,4.797102365354426e-01
damaged_d0.7,300,26,20,3100,0.2000,0.7000,7.418004446623014e-01
slab,300,26,50,2700,0.2000,0.0000,3.275647189349112e-02
arch,300,26,50,2700,0.2000,0.0000,3.210134245562130e-02
damaged_d0.0,300,26,50,2700,0.2000,0.0000,3.275647189349112e-02
damaged_d0.2,300,26,50,2700,0.2000,0.2000,5.055011094674555e-02
damaged_d0.4,300,26,50,2700,0.2000,0.4000,8.530331222263313e-02
damaged_d0.5,300,26,50,2700,0.2000,0.5000,1.164674556213018e-01
damaged_d0.6,300,26,50,2700,0.2000,0.6000,1.671248565994445e-01
damaged_d0.7,300,26,50,2700,0.2000,0.7000,2.584337033017050e-01
slab,300,26,50,2900,0.2000,0.0000,3.518287721893491e-02
arch,300,26,50,2900,0.2000,0.0000,3.447921967455621e-02
damaged_d0.0,300,26,50,2900,0.2000,0.0000,3.518287721893491e-02
damaged_d0.2,300,26,50,2900,0.2000,0.2000,5.429456360946745e-02
damaged_d0.4,300,26,50,2900,0.2000,0.4000,9.162207609097632e-02
damaged_d0.5,300,26,50,2900,0.2000,0.5000,1.250946745562130e-01
damaged_d0.6,300,26,50,2900,0.2000,0.6000,1.795044756068108e-01
damaged_d0.7,300,26,50,2900,0.2000,0.7000,2.775769405833128e-01
slab,300,26,50,3100,0.2000,0.0000,3.760928254437870e-02
arch,300,26,50,3100,0.2000,0.0000,3.685709689349112e-02
damaged_d0.0,300,26,50,3100,0.2000,0.0000,3.760928254437870e-02
damaged_d0.2,300,26,50,3100,0.2000,0.2000,5.803901627218934e-02
damaged_d0.4,300,26,50,3100,0.2000,0.4000,9.794083995931951e-02
damaged_d0.5,300,26,50,3100,0.2000,0.5000,1.337218934911243e-01
damaged_d0.6,300,26,50,3100,0.2000,0.6000,1.918840946141770e-01
damaged_d0.7,300,26,50,3100,0.2000,0.7000,2.967201778649206e-01
slab,300,50,5,2700,0.2000,0.0000,8.857350000000000e-02
arch,300,50,5,2700,0.2000,0.0000,8.680203000000000e-02
damaged_d0.0,300,50,5,2700,0.2000,0.0000,8.857350000000000e-02
damaged_d0.2,300,50,5,2700,0.2000,0.2000,1.366875000000000e-01
damaged_d0.4,300,50,5,2700,0.2000,0.4000,2.306601562500000e-01
damaged_d0.5,300,50,5,2700,0.2000,0.5000,3.149280000000000e-01
damaged_d0.6,300,50,5,2700,0.2000,0.6000,4.519056122448979e-01
damaged_d0.7,300,50,5,2700,0.2000,0.7000,6.988047337278105e-01
slab,300,50,5,2900,0.2000,0.0000,9.513450000000000e-02
arch,300,50,5,2900,0.2000,0.0000,9.323181000000000e-02
damaged_d0.0,300,50,5,2900,0.2000,0.0000,9.513450000000000e-02
damaged_d0.2,300,50,5,2900,0.2000,0.2000,1.468125000000000e-01
damaged_d0.4,300,50,5,2900,0.2000,0.4000,2.477460937500000e-01
damaged_d0.5,300,50,5,2900,0.2000,0.5000,3.382560000000000e-01
damaged_d0.6,300,50,5,2900,0.2000,0.6000,4.853801020408163e-01
damaged_d0.7,300,50,5,2900,0.2000,0.7000,7.505680473372780e-01
slab,300,50,5,3100,0.2000,0.0000,1.016955000000000e-01
arch,300,50,5,3100,0.2000,0.0000,9.966158999999999e-02
damaged_d0.0,300,50,5,3100,0.2000,0.0000,1.016955000000000e-01
damaged_d0.2,300,50,5,3100,0.2000,0.2000,1.569375000000000e-01
damaged_d0.4,300,50,5,3100,0.2000,0.4000,2.648320312500000e-01
damaged_d0.5,300,50,5,3100,0.2000,0.5000,3.615840000000000e-01
damaged_d0.6,300,50,5,3100,0.2000,0.6000,5.188545918367347e-01
damaged_d0.7,300,50,5,3100,0.2000,0.7000,8.023313609467454e-01
slab,300,50,10,2700,0.2000,0.0000,4.428675000000000e-02
arch,300,50,10,2700,0.2000,0.0000,4.340101500000000e-02
damaged_d0.0,300,50,10,2700,0.2000,0.0000,4.428675000000000e-02
damaged_d0.2,300,50,10,2700,0.2000,0.2000,6.834374999999999e-02
damaged_d0.4,300,50,10,2700,0.2000,0.4000,1.153300781250000e-01
damaged_d0.5,300,50,10,2700,0.2000,0.5000,1.574640000000000e-01
damaged_d0.6,300,50,10,2700,0.2000,0.6000,2.259528061224490e-01
damaged_d0.7,300,50,10,2700,0.2000,0.7000,3.494023668639052e-01
slab,300,50,10,2900,0.2000,0.0000,4.756725000000000e-02
arch,300,50,10,2900,0.2000,0.0000,4.661590500000000e-02
damaged_d0.0,300,50,10,2900,0.2000,0.0000,4.756725000000000e-02
damaged_d0.2,300,50,10,2900,0.2000,0.2000,7.340625000000001e-02
damaged_d0.4,300,50,10,2900,0.2000,0.4000,1.238730468750000e-01
damaged_d0.5,300,50,10,2900,0.2000,0.5000,1.691280000000000e-01
damaged_d0.6,300,50,10,2900,0.2000,0.6000,2.426900510204082e-01
damaged_d0.7,300,50,10,2900,0.2000,0.7000,3.752840236686390e-01
slab,300,50,10,3100,0.2000,0.0000,5.084775000000000e-02
arch,300,50,10,3100,0.2000,0.0000,4.983079500000000e-02
damaged_d0.0,300,50,10,3100,0.2000,0.0000,5.084775000000000e-02
damaged_d0.2,300,50,10,3100,0.2000,0.2000,7.846875000000000e-02
damaged_d0.4,300,50,10,3100,0.2000,0.4000,1.324160156250000e-01
damaged_d0.5,300,50,10,3100,0.2000,0.5000,1.807920000000000e-01
damaged_d0.6,300,50,10,3100,0.2000,0.6000,2.594272959183673e-01
damaged_d0.7,300,50,10,3100,0.2000,0.7000,4.011656804733727e-01
slab,300,50,20,2700,0.2000,0.0000,2.214337500000000e-02
arch,300,50,20,2700,0.2000,0.0000,2.170050750000000e-02
damaged_d0.0,300,50,20,2700,0.2000,0.0000,2.214337500000000e-02
damaged_d0.2,300,50,20,2700,0.2000,0.2000,3.417187500000000e-02
damaged_d0.4,300,50,20,2700,0.2000,0.4000,5.766503906250000e-02
damaged_d0.5,300,50,20,2700,0.2000,0.5000,7.873200000000000e-02
damaged_d0.6,300,50,20,2700,0.2000,0.6000,1.129764030612245e-01
damaged_d0.7,300,50,20,2700,0.2000,0.7000,1.747011834319526e-01
slab,300,50,20,2900,0.2000,0.0000,2.378362500000000e-02
arch,300,50,20,2900,0.2000,0.0000,2.330795250000000e-02
damaged_d0.0,300,50,20,2900,0.2000,0.0000,2.378362500000000e-02
damaged_d0.2,300,50,20,2900,0.2000,0.2000,3.670312500000000e-02
damaged_d0.4,300,50,20,2900,0.2000,0.4000,6.193652343750000e-02
damaged_d0.5,300,50,20,2900,0.2000,0.5000,8.456400000000000e-02
damaged_d0.6,300,50,20,2900,0.2000,0.6000,1.213450255102041e-01
damaged_d0.7,300,50,20,2900,0.2000,0.7000,1.876420118343195e-01
slab,300,50,20,3100,0.2000,0.0000,2.542387500000000e-02
arch,300,50,20,3100,0.2000,0.0000,2.491539750000000e-02
damaged_d0.0,300,50,20,3100,0.2000,0.0000,2.542387500000000e-02
damaged_d0.2,300,50,20,3100,0.2000,0.2000,3.923437500000000e-02
damaged_d0.4,300,50,20,3100,0.2000,0.4000,6.620800781250000e-02
damaged_d0.5,300,50,20,3100,0.2000,0.5000,9.039600000000000e-02
damaged_d0.6,300,50,20,3100,0.2000,0.6000,1.297136479591837e-01
damaged_d0.7,300,50,20,3100,0.2000,0.7000,2.005828402366863e-01
slab,300,50,50,2700,0.2000,0.0000,8.857350000000000e-03
arch,300,50,50,2700,0.2000,0.0000,8.680202999999999e-03
damaged_d0.0,300,50,50,2700,0.2000,0.0000,8.857350000000000e-03
damaged_d0.2,300,50,50,2700,0.2000,0.2000,1.366875000000000e-02
damaged_d0.4,300,50,50,2700,0.2000,0.4000,2.306601562500000e-02
damaged_d0.5,300,50,50,2700,0.2000,0.5000,3.149280000000000e-02
damaged_d0.6,300,50,50,2700,0.2000,0.6000,4.519056122448980e-02
damaged_d0.7,300,50,50,2700,0.2000,0.7000,6.988047337278105e-02
slab,300,50,50,2900,0.2000,0.0000,9.513450000000000e-03
arch,300,50,50,2900,0.2000,0.0000,9.323181000000000e-03
damaged_d0.0,300,50,50,2900,0.2000,0.0000,9.513450000000000e-03
damaged_d0.2,300,50,50,2900,0.2000,0.2000,1.468125000000000e-02
damaged_d0.4,300,50,50,2900,0.2000,0.4000,2.477460937500000e-02
damaged_d0.5,300,50,50,2900,0.2000,0.5000,3.382560000000000e-02
damaged_d0.6,300,50,50,2900,0.2000,0.6000,4.853801020408163e-02
damaged_d0.7,300,50,50,2900,0.2000,0.7000,7.505680473372781e-02
slab,300,50,50,3100,0.2000,0.0000,1.016955000000000e-02
arch,300,50,50,3100,0.2000,0.0000,9.966158999999999e-03
damaged_d0.0,300,50,50,3100,0.2000,0.0000,1.016955000000000e-02
damaged_d0.2,300,50,50,3100,0.2000,0.2000,1.569375000000000e-02
damaged_d0.4,300,50,50,3100,0.2000,0.4000,2.648320312500000e-02
damaged_d0.5,300,50,50,3100,0.2000,0.5000,3.615840000000000e-02
damaged_d0.6,300,50,50,3100,0.2000,0.6000,5.188545918367347e-02
damaged_d0.7,300,50,50,3100,0.2000,0.7000,8.023313609467454e-02
slab,500,5,5,2700,0.2000,0.0000,6.834375000000000e+01
arch,500,5,5,2700,0.2000,0.0000,6.697687499999999e+01
damaged_d0.0,500,5,5,2700,0.2000,0.0000,6.834375000000000e+01
damaged_d0.2,500,5,5,2700,0.2000,0.2000,1.054687500000000e+02
damaged_d0.4,500,5,5,2700,0.2000,0.4000,1.779785156250000e+02
damaged_d0.5,500,5,5,2700,0.2000,0.5000,2.430000000000000e+02
damaged_d0.6,500,5,5,2700,0.2000,0.6000,3.486926020408163e+02
damaged_d0.7,500,5,5,2700,0.2000,0.7000,5.392011834319526e+02
slab,500,5,5,2900,0.2000,0.0000,7.340625000000000e+01
arch,500,5,5,2900,0.2000,0.0000,7.193812500000000e+01
damaged_d0.0,500,5,5,2900,0.2000,0.0000,7.340625000000000e+01
damaged_d0.2,500,5,5,2900,0.2000,0.2000,1.132812500000000e+02
damaged_d0.4,500,5,5,2900,0.2000,0.4000,1.911621093750000e+02
damaged_d0.5,500,5,5,2900,0.2000,0.5000,2.610000000000000e+02
damaged_d0.6,500,5,5,2900,0.2000,0.6000,3.745216836734694e+02
damaged_d0.7,500,5,5,2900,0.2000,0.7000,5.791420118343194e+02
slab,500,5,5,3100,0.2000,0.0000,7.846875000000000e+01
arch,500,5,5,3100,0.2000,0.0000,7.689937499999999e+01
damaged_d0.0,500,5,5,3100,0.2000,0.0000,7.846875000000000e+01
damaged_d0.2,500,5,5,3100,0.2000,0.2000,1.210937500000000e+02
damaged_d0.4,500,5,5,3100,0.2000,0.4000,2.043457031250000e+02
damaged_d0.5,500,5,5,3100,0.2000,0.5000,2.790000000000000e+02
damaged_d0.6,500,5,5,3100,0.2000,0.6000,4.003507653061225e+02
damaged_d0.7,500,5,5,3100,0.2000,0.7000,6.190828402366864e+02
slab,500,5,10,2700,0.2000,0.0000,3.417187500000000e+01
arch,500,5,10,2700,0.2000,0.0000,3.348843750000000e+01
damaged_d0.0,500,5,10,2700,0.2000,0.0000,3.417187500000000e+01
damaged_d0.2,500,5,10,2700,0.2000,0.2000,5.273437500000000e+01
damaged_d0.4,500,5,10,2700,0.2000,0.4000,8.898925781250000e+01
damaged_d0.5,500,5,10,2700,0.2000,0.5000,1.215000000000000e+02
damaged_d0.6,500,5,10,2700,0.2000,0.6000,1.743463010204082e+02
damaged_d0.7,500,5,10,2700,0.2000,0.7000,2.696005917159763e+02
slab,500,5,10,2900,0.2000,0.0000,3.670312500000000e+01
arch,500,5,10,2900,0.2000,0.0000,3.596906250000000e+01
damaged_d0.0,500,5,10,2900,0.2000,0.0000,3.670312500000000e+01
damaged_d0.2,500,5,10,2900,0.2000,0.2000,5.664062500000000e+01
damaged_d0.4,500,5,10,2900,0.2000,0.4000,9.558105468750000e+01
damaged_d0.5,500,5,10,2900,0.2000,0.5000,1.305000000000000e+02
damaged_d0.6,500,5,10,2900,0.2000,0.6000,1.872608418367347e+02
damaged_d0.7,500,5,10,2900,0.2000,0.7000,2.895710059171597e+02
slab,500,5,10,3100,0.2000,0.0000,3.923437500000000e+01
arch,500,5,10,3100,0.2000,0.0000,3.844968750000000e+01
damaged_d0.0,500,5,10,3100,0.2000,0.0000,3.923437500000000e+01
damaged_d0.2,500,5,10,3100,0.2000,0.2000,6.054687500000000e+01
damaged_d0.4,500,5,10,3100,0.2000,0.4000,1.021728515625000e+02
damaged_d0.5,500,5,10,3100,0.2000,0.5000,1.395000000000000e+02
damaged_d0.6,500,5,10,3100,0.2000,0.6000,2.001753826530612e+02
damaged_d0.7,500,5,10,3100,0.2000,0.7000,3.095414201183432e+02
slab,500,5,20,2700,0.2000,0.0000,1.708593750000000e+01
arch,500,5,20,2700,0.2000,0.0000,1.674421875000000e+01
damaged_d0.0,500,5,20,2700,0.2000,0.0000,1.708593750000000e+01
damaged_d0.2,500,5,20,2700,0.2000,0.2000,2.636718750000000e+01
damaged_d0.4,500,5,20,2700,0.2000,0.4000,4.449462890625000e+01
damaged_d0.5,500,5,20,2700,0.2000,0.5000,6.075000000000000e+01
damaged_d0.6,500,5,20,2700,0.2000,0.6000,8.717315051020408e+01
damaged_d0.7,500,5,20,2700,0.2000,0.7000,1.348002958579881e+02
slab,500,5,20,2900,0.2000,0.0000,1.835156250000000e+01
arch,500,5,20,2900,0.2000,0.0000,1.798453125000000e+01
damaged_d0.0,500,5,20,2900,0.2000,0.0000,1.835156250000000e+01
damaged_d0.2,500,5,20,2900,0.2000,0.2000,2.832031250000000e+01
damaged_d0.4,500,5,20,2900,0.2000,0.4000,4.779052734375000e+01
damaged_d0.5,500,5,20,2900,0.2000,0.5000,6.525000000000000e+01
damaged_d0.6,500,5,20,2900,0.2000,0.6000,9.363042091836735e+01
damaged_d0.7,500,5,20,2900,0.2000,0.7000,1.447855029585799e+02
slab,500,5,20,3100,0.2000,0.0000,1.961718750000000e+01
arch,500,5,20,3100,0.2000,0.0000,1.922484375000000e+01
damaged_d0.0,500,5,20,3100,0.2000,0.0000,1.961718750000000e+01
damaged_d0.2,500,5,20,3100,0.2000,0.2000,3.027343750000000e+01
damaged_d0.4,500,5,20,3100,0.2000,0.4000,5.108642578125000e+01
damaged_d0.5,500,5,20,3100,0.2000,0.5000,6.975000000000000e+01
damaged_d0.6,500,5,20,3100,0.2000,0.6000,1.000876913265306e+02
damaged_d0.7,500,5,20,3100,0.2000,0.7000,1.547707100591716e+02
slab,500,5,50,2700,0.2000,0.0000,6.834375000000000e+00
arch,500,5,50,2700,0.2000,0.0000,6.697687500000000e+00
damaged_d0.0,500,5,50,2700,0.2000,0.0000,6.834375000000000e+00
damaged_d0.2,500,5,50,2700,0.2000,0.2000,1.054687500000000e+01
damaged_d0.4,500,5,50,2700,0.2000,0.4000,1.779785156250000e+01
damaged_d0.5,500,5,50,2700,0.2000,0.5000,2.430000000000000e+01
damaged_d0.6,500,5,50,2700,0.2000,0.6000,3.486926020408163e+01
damaged_d0.7,500,5,50,2700,0.2000,0.7000,5.392011834319526e+01
slab,500,5,50,2900,0.2000,0.0000,7.340625000000000e+00
arch,500,5,50,2900,0.2000,0.0000,7.193812500000000e+00
damaged_d0.0,500,5,50,2900,0.2000,0.0000,7.340625000000000e+00
damaged_d0.2,500,5,50,2900,0.2000,0.2000,1.132812500000000e+01
damaged_d0.4,500,5,50,2900,0.2000,0.4000,1.911621093750000e+01
damaged_d0.5,500,5,50,2900,0.2000,0.5000,2.610000000000000e+01
damaged_d0.6,500,5,50,2900,0.2000,0.6000,3.745216836734694e+01
damaged_d0.7,500,5,50,2900,0.2000,0.7000,5.791420118343194e+01
slab,500,5,50,3100,0.2000,0.0000,7.846875000000000e+00
arch,500,5,50,3100,0.2000,0.0000,7.689937500000000e+00
damaged_d0.0,500,5,50,3100,0.2000,0.0000,7.846875000000000e+00
damaged_d0.2,500,5,50,3100,0.2000,0.2000,1.210937500000000e+01
damaged_d0.4,500,5,50,3100,0.2000,0.4000,2.043457031250000e+01
damaged_d0.5,500,5,50,3100,0.2000,0.5000,2.790000000000000e+01
damaged_d0.6,500,5,50,3100,0.2000,0.6000,4.003507653061224e+01
damaged_d0.7,500,5,50,3100,0.2000,0.7000,6.190828402366863e+01
slab,500,10,5,2700,0.2000,0.0000,1.708593750000000e+01
arch,500,10,5,2700,0.2000,0.0000,1.674421875000000e+01
damaged_d0.0,500,10,5,2700,0.2000,0.0000,1.708593750000000e+01
damaged_d0.2,500,10,5,2700,0.2000,0.2000,2.636718750000000e+01
damaged_d0.4,500,10,5,2700,0.2000,0.4000,4.449462890625000e+01
damaged_d0.5,500,10,5,2700,0.2000,0.5000,6.075000000000000e+01
damaged_d0.6,500,10,5,2700,0.2000,0.6000,8.717315051020408e+01
damaged_d0.7,500,10,5,2700,0.2000,0.7000,1.348002958579881e+02
slab,500,10,5,2900,0.2000,0.0000,1.835156250000000e+01
arch,500,10,5,2900,0.2000,0.0000,1.798453125000000e+01
damaged_d0.0,500,10,5,2900,0.2000,0.0000,1.835156250000000e+01
damaged_d0.2,500,10,5,2900,0.2000,0.2000,2.832031250000000e+01
damaged_d0.4,500,10,5,2900,0.2000,0.4000,4.779052734375000e+01
damaged_d0.5,500,10,5,2900,0.2000,0.5000,6.525000000000000e+01
damaged_d0.6,500,10,5,2900,0.2000,0.6000,9.363042091836735e+01
damaged_d0.7,500,10,5,2900,0.2000,0.7000,1.447855029585799e+02
slab,500,10,5,3100,0.2000,0.0000,1.961718750000000e+01
arch,500,10,5,3100,0.2000,0.0000,1.922484375000000e+01
damaged_d0.0,500,10,5,3100,0.2000,0.0000,1.961718750000000e+01
damaged_d0.2,500,10,5,3100,0.2000,0.2000,3.027343750000000e+01
damaged_d0.4,500,10,5,3100,0.2000,0.4000,5.108642578125000e+01
damaged_d0.5,500,10,5,3100,0.2000,0.5000,6.975000000000000e+01
damaged_d0.6,500,10,5,3100,0.2000,0.6000,1.000876913265306e+02
damaged_d0.7,500,10,5,3100,0.2000,0.7000,1.547707100591716e+02
slab,500,10,10,2700,0.2000,0.0000,8.542968750000000e+00
arch,500,10,10,2700,0.2000,0.0000,8.372109374999999e+00
damaged_d0.0,500,10,10,2700,0.2000,0.0000,8.542968750000000e+00
damaged_d0.2,500,10,10,2700,0.2000,0.2000,1.318359375000000e+01
damaged_d0.4,500,10,10,2700,0.2000,0.4000,2.224731445312500e+01
damaged_d0.5,500,10,10,2700,0.2000,0.5000,3.037500000000000e+01
damaged_d0.6,500,10,10,2700,0.2000,0.6000,4.358657525510204e+01
damaged_d0.7,500,10,10,2700,0.2000,0.7000,6.740014792899407e+01
slab,500,10,10,2900,0.2000,0.0000,9.175781250000000e+00
arch,500,10,10,2900,0.2000,0.0000,8.992265625000000e+00
damaged_d0.0,500,10,10,2900,0.2000,0.0000,9.175781250000000e+00
damaged_d0.2,500,10,10,2900,0.2000,0.2000,1.416015625000000e+01
damaged_d0.4,500,10,10,2900,0.2000,0.4000,2.389526367187500e+01
damaged_d0.5,500,10,10,2900,0.2000,0.5000,3.262500000000000e+01
damaged_d0.6,500,10,10,2900,0.2000,0.6000,4.681521045918367e+01
damaged_d0.7,500,10,10,2900,0.2000,0.7000,7.239275147928993e+01
slab,500,10,10,3100,0.2000,0.0000,9.808593750000000e+00
arch,500,10,10,3100,0.2000,0.0000,9.612421874999999e+00
damaged_d0.0,500,10,10,3100,0.2000,0.0000,9.808593750000000e+00
damaged_d0.2,500,10,10,3100,0.2000,0.2000,1.513671875000000e+01
damaged_d0.4,500,10,10,3100,0.2000,0.4000,2.554321289062500e+01
damaged_d0.5,500,10,10,3100,0.2000,0.5000,3.487500000000000e+01
damaged_d0.6,500,10,10,3100,0.2000,0.6000,5.004384566326531e+01
damaged_d0.7,500,10,10,3100,0.2000,0.7000,7.738535502958580e+01
slab,500,10,20,2700,0.2000,0.0000,4.271484375000000e+00
arch,500,10,20,2700,0.2000,0.0000,4.186054687500000e+00
damaged_d0.0,500,10,20,2700,0.2000,0.0000,4.271484375000000e+00
damaged_d0.2,500,10,20,2700,0.2000,0.2000,6.591796875000000e+00
damaged_d0.4,500,10,20,2700,0.2000,0.4000,1.112365722656250e+01
damaged_d0.5,500,10,20,2700,0.2000,0.5000,1.518750000000000e+01
damaged_d0.6,500,10,20,2700,0.2000,0.6000,2.179328762755102e+01
damaged_d0.7,500,10,20,2700,0.2000,0.7000,3.370007396449704e+01
slab,500,10,20,2900,0.2000,0.0000,4.587890625000000e+00
arch,500,10,20,2900,0.2000,0.0000,4.496132812500000e+00
damaged_d0.0,500,10,20,2900,0.2000,0.0000,4.587890625000000e+00
damaged_d0.2,500,10,20,2900,0.2000,0.2000,7.080078125000000e+00
damaged_d0.4,500,10,20,2900,0.2000,0.4000,1.194763183593750e+01
damaged_d0.5,500,10,20,2900,0.2000,0.5000,1.631250000000000e+01
damaged_d0.6,500,10,20,2900,0.2000,0.6000,2.340760522959184e+01
damaged_d0.7,500,10,20,2900,0.2000,0.7000,3.619637573964496e+01
slab,500,10,20,3100,0.2000,0.0000,4.904296875000000e+00
arch,500,10,20,3100,0.2000,0.0000,4.806210937500000e+00
damaged_d0.0,500,10,20,3100,0.2000,0.0000,4.904296875000000e+00
damaged_d0.2,500,10,20,3100,0.2000,0.2000,7.568359375000000e+00
damaged_d0.4,500,10,20,3100,0.2000,0.4000,1.277160644531250e+01
damaged_d0.5,500,10,20,3100,0.2000,0.5000,1.743750000000000e+01
damaged_d0.6,500,10,20,3100,0.2000,0.6000,2.502192283163265e+01
damaged_d0.7,500,10,20,3100,0.2000,0.7000,3.869267751479290e+01
slab,500,10,50,2700,0.2000,0.0000,1.708593750000000e+00
arch,500,10,50,2700,0.2000,0.0000,1.674421875000000e+00
damaged_d0.0,500,10,50,2700,0.2000,0.0000,1.708593750000000e+00
damaged_d0.2,500,10,50,2700,0.2000,0.2000,2.636718750000000e+00
damaged_d0.4,500,10,50,2700,0.2000,0.4000,4.449462890625000e+00
damaged_d0.5,500,10,50,2700,0.2000,0.5000,6.075000000000000e+00
damaged_d0.6,500,10,50,2700,0.2000,0.6000,8.717315051020408e+00
damaged_d0.7,500,10,50,2700,0.2000,0.7000,1.348002958579881e+01
slab,500,10,50,2900,0.2000,0.0000,1.835156250000000e+00
arch,500,10,50,2900,0.2000,0.0000,1.798453125000000e+00
damaged_d0.0,500,10,50,2900,0.2000,0.0000,1.835156250000000e+00
damaged_d0.2,500,10,50,2900,0.2000,0.2000,2.832031250000000e+00
damaged_d0.4,500,10,50,2900,0.2000,0.4000,4.779052734375000e+00
damaged_d0.5,500,10,50,2900,0.2000,0.5000,6.525000000000000e+00
damaged_d0.6,500,10,50,2900,0.2000,0.6000,9.363042091836734e+00
damaged_d0.7,500,10,50,2900,0.2000,0.7000,1.447855029585799e+01
slab,500,10,50,3100,0.2000,0.0000,1.961718750000000e+00
arch,500,10,50,3100,0.2000,0.0000,1.922484375000000e+00
damaged_d0.0,500,10,50,3100,0.2000,0.0000,1.961718750000000e+00
damaged_d0.2,500,10,50,3100,0.2000,0.2000,3.027343750000000e+00
damaged_d0.4,500,10,50,3100,0.2000,0.4000,5.108642578125000e+00
damaged_d0.5,500,10,50,3100,0.2000,0.5000,6.975000000000000e+00
damaged_d0.6,500,10,50,3100,0.2000,0.6000,1.000876913265306e+01
damaged_d0.7,500,10,50,3100,0.2000,0.7000,1.547707100591716e+01
slab,500,20,5,2700,0.2000,0.0000,4.271484375000000e+00
arch,500,20,5,2700,0.2000,0.0000,4.186054687500000e+00
damaged_d0.0,500,20,5,2700,0.2000,0.0000,4.271484375000000e+00
damaged_d0.2,500,20,5,2700,0.2000,0.2000,6.591796875000000e+00
damaged_d0.4,500,20,5,2700,0.2000,0.4000,1.112365722656250e+01
damaged_d0.5,500,20,5,2700,0.2000,0.5000,1.518750000000000e+01
damaged_d0.6,500,20,5,2700,0.2000,0.6000,2.179328762755102e+01
damaged_d0.7,500,20,5,2700,0.2000,0.7000,3.370007396449704e+01
slab,500,20,5,2900,0.2000,0.0000,4.587890625000000e+00
arch,500,20,5,2900,0.2000,0.0000,4.496132812500000e+00
damaged_d0.0,500,20,5,2900,0.2000,0.0000,4.587890625000000e+00
damaged_d0.2,500,20,5,2900,0.2000,0.2000,7.080078125000000e+00
damaged_d0.4,500,20,5,2900,0.2000,0.4000,1.194763183593750e+01
damaged_d0.5,500,20,5,2900,0.2000,0.5000,1.631250000000000e+01
damaged_d0.6,500,20,5,2900,0.2000,0.6000,2.340760522959184e+01
damaged_d0.7,500,20,5,2900,0.2000,0.7000,3.619637573964496e+01
slab,500,20,5,3100,0.2000,0.0000,4.904296875000000e+00
arch,500,20,5,3100,0.2000,0.0000,4.806210937500000e+00
damaged_d0.0,500,20,5,3100,0.2000,0.0000,4.904296875000000e+00
damaged_d0.2,500,20,5,3100,0.2000,0.2000,7.568359375000000e+00
damaged_d0.4,500,20,5,3100,0.2000,0.4000,1.277160644531250e+01
damaged_d0.5,500,20,5,3100,0.2000,0.5000,1.743750000000000e+01
damaged_d0.6,500,20,5,3100,0.2000,0.6000,2.502192283163265e+01
damaged_d0.7,500,20,5,3100,0.2000,0.7000,3.869267751479290e+01
slab,500,20,10,2700,0.2000,0.0000,2.135742187500000e+00
arch,500,20,10,2700,0.2000,0.0000,2.093027343750000e+00
damaged_d0.0,500,20,10,2700,0.2000,0.0000,2.135742187500000e+00
damaged_d0.2,500,20,10,2700,0.2000,0.2000,3.295898437500000e+00
damaged_d0.4,500,20,10,2700,0.2000,0.4000,5.561828613281250e+00
damaged_d0.5,500,20,10,2700,0.2000,0.5000,7.593750000000000e+00
damaged_d0.6,500,20,10,2700,0.2000,0.6000,1.089664381377551e+01
damaged_d0.7,500,20,10,2700,0.2000,0.7000,1.685003698224852e+01
slab,500,20,10,2900,0.2000,0.0000,2.293945312500000e+00
arch,500,20,10,2900,0.2000,0.0000,2.248066406250000e+00
damaged_d0.0,500,20,10,2900,0.2000,0.0000,2.293945312500000e+00
damaged_d0.2,500,20,10,2900,0.2000,0.2000,3.540039062500000e+00
damaged_d0.4,500,20,10,2900,0.2000,0.4000,5.973815917968750e+00
damaged_d0.5,500,20,10,2900,0.2000,0.5000,8.156250000000000e+00
damaged_d0.6,500,20,10,2900,0.2000,0.6000,1.170380261479592e+01
damaged_d0.7,500,20,10,2900,0.2000,0.7000,1.809818786982248e+01
slab,500,20,10,3100,0.2000,0.0000,2.452148437500000e+00
arch,500,20,10,3100,0.2000,0.0000,2.403105468750000e+00
damaged_d0.0,500,20,10,3100,0.2000,0.0000,2.452148437500000e+00
damaged_d0.2,500,20,10,3100,0.2000,0.2000,3.784179687500000e+00
damaged_d0.4,500,20,10,3100,0.2000,0.4000,6.385803222656250e+00
damaged_d0.5,500,20,10,3100,0.2000,0.5000,8.718750000000000e+00
damaged_d0.6,500,20,10,3100,0.2000,0.6000,1.251096141581633e+01
damaged_d0.7,500,20,10,3100,0.2000,0.7000,1.934633875739645e+01
slab,500,20,20,2700,0.2000,0.0000,1.067871093750000e+00
arch,500,20,20,2700,0.2000,0.0000,1.046513671875000e+00
damaged_d0.0,500,20,20,2700,0.2000,0.0000,1.067871093750000e+00
damaged_d0.2,500,20,20,2700,0.2000,0.2000,1.647949218750000e+00
damaged_d0.4,500,20,20,2700,0.2000,0.4000,2.780914306640625e+00
damaged_d0.5,500,20,20,2700,0.2000,0.5000,3.796875000000000e+00
damaged_d0.6,500,20,20,2700,0.2000,0.6000,5.448321906887755e+00
damaged_d0.7,500,20,20,2700,0.2000,0.7000,8.425018491124259e+00
slab,500,20,20,2900,0.2000,0.0000,1.146972656250000e+00
arch,500,20,20,2900,0.2000,0.0000,1.124033203125000e+00
damaged_d0.0,500,20,20,2900,0.2000,0.0000,1.146972656250000e+00
damaged_d0.2,500,20,20,2900,0.2000,0.2000,1.770019531250000e+00
damaged_d0.4,500,20,20,2900,0.2000,0.4000,2.986907958984375e+00
damaged_d0.5,500,20,20,2900,0.2000,0.5000,4.078125000000000e+00
damaged_d0.6,500,20,20,2900,0.2000,0.6000,5.851901307397959e+00
damaged_d0.7,500,20,20,2900,0.2000,0.7000,9.049093934911241e+00
slab,500,20,20,3100,0.2000,0.0000,1.226074218750000e+00
arch,500,20,20,3100,0.2000,0.0000,1.201552734375000e+00
damaged_d0.0,500,20,20,3100,0.2000,0.0000,1.226074218750000e+00
damaged_d0.2,500,20,20,3100,0.2000,0.2000,1.892089843750000e+00
damaged_d0.4,500,20,20,3100,0.2000,0.4000,3.192901611328125e+00
damaged_d0.5,500,20,20,3100,0.2000,0.5000,4.359375000000000e+00
damaged_d0.6,500,20,20,3100,0.2000,0.6000,6.255480707908164e+00
damaged_d0.7,500,20,20,3100,0.2000,0.7000,9.673169378698224e+00
slab,500,20,50,2700,0.2000,0.0000,4.271484375000000e-01
arch,500,20,50,2700,0.2000,0.0000,4.186054687500000e-01
damaged_d0.0,500,20,50,2700,0.2000,0.0000,4.271484375000000e-01
damaged_d0.2,500,20,50,2700,0.2000,0.2000,6.591796875000000e-01
damaged_d0.4,500,20,50,2700,0.2000,0.4000,1.112365722656250e+00
damaged_d0.5,500,20,50,2700,0.2000,0.5000,1.518750000000000e+00
damaged_d0.6,500,20,50,2700,0.2000,0.6000,2.179328762755102e+00
damaged_d0.7,500,20,50,2700,0.2000,0.7000,3.370007396449703e+00
slab,500,20,50,2900,0.2000,0.0000,4.587890625000000e-01
arch,500,20,50,2900,0.2000,0.0000,4.496132812500000e-01
damaged_d0.0,500,20,50,2900,0.2000,0.0000,4.587890625000000e-01
damaged_d0.2,500,20,50,2900,0.2000,0.2000,7.080078125000000e-01
damaged_d0.4,500,20,50,2900,0.2000,0.4000,1.194763183593750e+00
damaged_d0.5,500,20,50,2900,0.2000,0.5000,1.631250000000000e+00
damaged_d0.6,500,20,50,2900,0.2000,0.6000,2.340760522959183e+00
damaged_d0.7,500,20,50,2900,0.2000,0.7000,3.619637573964496e+00
slab,500,20,50,3100,0.2000,0.0000,4.904296875000000e-01
arch,500,20,50,3100,0.2000,0.0000,4.806210937500000e-01
damaged_d0.0,500,20,50,3100,0.2000,0.0000,4.904296875000000e-01
damaged_d0.2,500,20,50,3100,0.2000,0.2000,7.568359375000000e-01
damaged_d0.4,500,20,50,3100,0.2000,0.4000,1.277160644531250e+00
damaged_d0.5,500,20,50,3100,0.2000,0.5000,1.743750000000000e+00
damaged_d0.6,500,20,50,3100,0.2000,0.6000,2.502192283163265e+00
damaged_d0.7,500,20,50,3100,0.2000,0.7000,3.869267751479289e+00
slab,500,26,5,2700,0.2000,0.0000,2.527505547337278e+00
arch,500,26,5,2700,0.2000,0.0000,2.476955436390533e+00
damaged_d0.0,500,26,5,2700,0.2000,0.0000,2.527505547337278e+00
damaged_d0.2,500,26,5,2700,0.2000,0.2000,3.900471523668639e+00
damaged_d0.4,500,26,5,2700,0.2000,0.4000,6.582045696190828e+00
damaged_d0.5,500,26,5,2700,0.2000,0.5000,8.986686390532544e+00
damaged_d0.6,500,26,5,2700,0.2000,0.6000,1.289543646600652e+01
damaged_d0.7,500,26,5,2700,0.2000,0.7000,1.994087216834144e+01
slab,500,26,5,2900,0.2000,0.0000,2.714728180473373e+00
arch,500,26,5,2900,0.2000,0.0000,2.660433616863905e+00
damaged_d0.0,500,26,5,2900,0.2000,0.0000,2.714728180473373e+00
damaged_d0.2,500,26,5,2900,0.2000,0.2000,4.189395340236686e+00
damaged_d0.4,500,26,5,2900,0.2000,0.4000,7.069604636649407e+00
damaged_d0.5,500,26,5,2900,0.2000,0.5000,9.652366863905325e+00
damaged_d0.6,500,26,5,2900,0.2000,0.6000,1.385065398200701e+01
damaged_d0.7,500,26,5,2900,0.2000,0.7000,2.141797381044080e+01
slab,500,26,5,3100,0.2000,0.0000,2.901950813609468e+00
arch,500,26,5,3100,0.2000,0.0000,2.843911797337278e+00
damaged_d0.0,500,26,5,3100,0.2000,0.0000,2.901950813609468e+00
damaged_d0.2,500,26,5,3100,0.2000,0.2000,4.478319156804734e+00
damaged_d0.4,500,26,5,3100,0.2000,0.4000,7.557163577107986e+00
damaged_d0.5,500,26,5,3100,0.2000,0.5000,1.031804733727811e+01
damaged_d0.6,500,26,5,3100,0.2000,0.6000,1.480587149800749e+01
damaged_d0.7,500,26,5,3100,0.2000,0.7000,2.289507545254017e+01
slab,500,26,10,2700,0.2000,0.0000,1.263752773668639e+00
arch,500,26,10,2700,0.2000,0.0000,1.238477718195266e+00
damaged_d0.0,500,26,10,2700,0.2000,0.0000,1.263752773668639e+00
damaged_d0.2,500,26,10,2700,0.2000,0.2000,1.950235761834319e+00
damaged_d0.4,500,26,10,2700,0.2000,0.4000,3.291022848095414e+00
damaged_d0.5,500,26,10,2700,0.2000,0.5000,4.493343195266272e+00
damaged_d0.6,500,26,10,2700,0.2000,0.6000,6.447718233003262e+00
damaged_d0.7,500,26,10,2700,0.2000,0.7000,9.970436084170718e+00
slab,500,26,10,2900,0.2000,0.0000,1.357364090236686e+00
arch,500,26,10,2900,0.2000,0.0000,1.330216808431953e+00
damaged_d0.0,500,26,10,2900,0.2000,0.0000,1.357364090236686e+00
damaged_d0.2,500,26,10,2900,0.2000,0.2000,2.094697670118343e+00
damaged_d0.4,500,26,10,2900,0.2000,0.4000,3.534802318324703e+00
damaged_d0.5,500,26,10,2900,0.2000,0.5000,4.826183431952662e+00
damaged_d0.6,500,26,10,2900,0.2000,0.6000,6.925326991003503e+00
damaged_d0.7,500,26,10,2900,0.2000,0.7000,1.070898690522040e+01
slab,500,26,10,3100,0.2000,0.0000,1.450975406804734e+00
arch,500,26,10,3100,0.2000,0.0000,1.421955898668639e+00
damaged_d0.0,500,26,10,3100,0.2000,0.0000,1.450975406804734e+00
damaged_d0.2,500,26,10,3100,0.2000,0.2000,2.239159578402367e+00
damaged_d0.4,500,26,10,3100,0.2000,0.4000,3.778581788553993e+00
damaged_d0.5,500,26,10,3100,0.2000,0.5000,5.159023668639053e+00
damaged_d0.6,500,26,10,3100,0.2000,0.6000,7.402935749003745e+00
damaged_d0.7,500,26,10,3100,0.2000,0.7000,1.144753772627008e+01
slab,500,26,20,2700,0.2000,0.0000,6.318763868343196e-01
arch,500,26,20,2700,0.2000,0.0000,6.192388590976332e-01
damaged_d0.0,500,26,20,2700,0.2000,0.0000,6.318763868343196e-01
damaged_d0.2,500,26,20,2700,0.2000,0.2000,9.751178809171597e-01
damaged_d0.4,500,26,20,2700,0.2000,0.4000,1.645511424047707e+00
damaged_d0.5,500,26,20,2700,0.2000,0.5000,2.246671597633136e+00
damaged_d0.6,500,26,20,2700,0.2000,0.6000,3.223859116501631e+00
damaged_d0.7,500,26,20,2700,0.2000,0.7000,4.985218042085359e+00
slab,500,26,20,2900,0.2000,0.0000,6.786820451183432e-01
arch,500,26,20,2900,0.2000,0.0000,6.651084042159763e-01
damaged_d0.0,500,26,20,2900,0.2000,0.0000,6.786820451183432e-01
damaged_d0.2,500,26,20,2900,0.2000,0.2000,1.047348835059172e+00
damaged_d0.4,500,26,20,2900,0.2000,0.4000,1.767401159162352e+00
damaged_d0.5,500,26,20,2900,0.2000,0.5000,2.413091715976331e+00
damaged_d0.6,500,26,20,2900,0.2000,0.6000,3.462663495501752e+00
damaged_d0.7,500,26,20,2900,0.2000,0.7000,5.354493452610201e+00
slab,500,26,20,3100,0.2000,0.0000,7.254877034023669e-01
arch,500,26,20,3100,0.2000,0.0000,7.109779493343196e-01
damaged_d0.0,500,26,20,3100,0.2000,0.0000,7.254877034023669e-01
damaged_d0.2,500,26,20,3100,0.2000,0.2000,1.119579789201183e+00
damaged_d0.4,500,26,20,3100,0.2000,0.4000,1.889290894276997e+00
damaged_d0.5,500,26,20,3100,0.2000,0.5000,2.579511834319526e+00
damaged_d0.6,500,26,20,3100,0.2000,0.6000,3.701467874501872e+00
damaged_d0.7,500,26,20,3100,0.2000,0.7000,5.723768863135041e+00
slab,500,26,50,2700,0.2000,0.0000,2.527505547337278e-01
arch,500,26,50,2700,0.2000,0.0000,2.476955436390532e-01
damaged_d0.0,500,26,50,2700,0.2000,0.0000,2.527505547337278e-01
damaged_d0.2,500,26,50,2700,0.2000,0.2000,3.900471523668638e-01
damaged_d0.4,500,26,50,2700,0.2000,0.4000,6.582045696190827e-01
damaged_d0.5,500,26,50,2700,0.2000,0.5000,8.986686390532544e-01
damaged_d0.6,500,26,50,2700,0.2000,0.6000,1.289543646600652e+00
damaged_d0.7,500,26,50,2700,0.2000,0.7000,1.994087216834144e+00
slab,500,26,50,2900,0.2000,0.0000,2.714728180473373e-01
arch,500,26,50,2900,0.2000,0.0000,2.660433616863905e-01
damaged_d0.0,500,26,50,2900,0.2000,0.0000,2.714728180473373e-01
damaged_d0.2,500,26,50,2900,0.2000,0.2000,4.189395340236686e-01
damaged_d0.4,500,26,50,2900,0.2000,0.4000,7.069604636649407e-01
damaged_d0.5,500,26,50,2900,0.2000,0.5000,9.652366863905325e-01
damaged_d0.6,500,26,50,2900,0.2000,0.6000,1.385065398200701e+00
damaged_d0.7,500,26,50,2900,0.2000,0.7000,2.141797381044080e+00
slab,500,26,50,3100,0.2000,0.0000,2.901950813609467e-01
arch,500,26,50,3100,0.2000,0.0000,2.843911797337278e-01
damaged_d0.0,500,26,50,3100,0.2000,0.0000,2.901950813609467e-01
damaged_d0.2,500,26,50,3100,0.2000,0.2000,4.478319156804733e-01
damaged_d0.4,500,26,50,3100,0.2000,0.4000,7.557163577107987e-01
damaged_d0.5,500,26,50,3100,0.2000,0.5000,1.031804733727811e+00
damaged_d0.6,500,26,50,3100,0.2000,0.6000,1.480587149800749e+00
damaged_d0.7,500,26,50,3100,0.2000,0.7000,2.289507545254017e+00
slab,500,50,5,2700,0.2000,0.0000,6.834375000000000e-01
arch,500,50,5,2700,0.2000,0.0000,6.697687500000000e-01
damaged_d0.0,500,50,5,2700,0.2000,0.0000,6.834375000000000e-01
damaged_d0.2,500,50,5,2700,0.2000,0.2000,1.054687500000000e+00
damaged_d0.4,500,50,5,2700,0.2000,0.4000,1.779785156250000e+00
damaged_d0.5,500,50,5,2700,0.2000,0.5000,2.430000000000000e+00
damaged_d0.6,500,50,5,2700,0.2000,0.6000,3.486926020408163e+00
damaged_d0.7,500,50,5,2700,0.2000,0.7000,5.392011834319526e+00
slab,500,50,5,2900,0.2000,0.0000,7.340625000000000e-01
arch,500,50,5,2900,0.2000,0.0000,7.193812500000000e-01
damaged_d0.0,500,50,5,2900,0.2000,0.0000,7.340625000000000e-01
damaged_d0.2,500,50,5,2900,0.2000,0.2000,1.132812500000000e+00
damaged_d0.4,500,50,5,2900,0.2000,0.4000,1.911621093750000e+00
damaged_d0.5,500,50,5,2900,0.2000,0.5000,2.610000000000000e+00
damaged_d0.6,500,50,5,2900,0.2000,0.6000,3.745216836734694e+00
damaged_d0.7,500,50,5,2900,0.2000,0.7000,5.791420118343194e+00
slab,500,50,5,3100,0.2000,0.0000,7.846875000000000e-01
arch,500,50,5,3100,0.2000,0.0000,7.689937499999999e-01
damaged_d0.0,500,50,5,3100,0.2000,0.0000,7.846875000000000e-01
damaged_d0.2,500,50,5,3100,0.2000,0.2000,1.210937500000000e+00
damaged_d0.4,500,50,5,3100,0.2000,0.4000,2.043457031250000e+00
damaged_d0.5,500,50,5,3100,0.2000,0.5000,2.790000000000000e+00
damaged_d0.6,500,50,5,3100,0.2000,0.6000,4.003507653061225e+00
damaged_d0.7,500,50,5,3100,0.2000,0.7000,6.190828402366863e+00
slab,500,50,10,2700,0.2000,0.0000,3.417187500000000e-01
arch,500,50,10,2700,0.2000,0.0000,3.348843750000000e-01
damaged_d0.0,500,50,10,2700,0.2000,0.0000,3.417187500000000e-01
damaged_d0.2,500,50,10,2700,0.2000,0.2000,5.273437500000000e-01
damaged_d0.4,500,50,10,2700,0.2000,0.4000,8.898925781250000e-01
damaged_d0.5,500,50,10,2700,0.2000,0.5000,1.215000000000000e+00
damaged_d0.6,500,50,10,2700,0.2000,0.6000,1.743463010204082e+00
damaged_d0.7,500,50,10,2700,0.2000,0.7000,2.696005917159763e+00
slab,500,50,10,2900,0.2000,0.0000,3.670312500000000e-01
arch,500,50,10,2900,0.2000,0.0000,3.596906250000000e-01
damaged_d0.0,500,50,10,2900,0.2000,0.0000,3.670312500000000e-01
damaged_d0.2,500,50,10,2900,0.2000,0.2000,5.664062500000000e-01
damaged_d0.4,500,50,10,2900,0.2000,0.4000,9.558105468750000e-01
damaged_d0.5,500,50,10,2900,0.2000,0.5000,1.305000000000000e+00
damaged_d0.6,500,50,10,2900,0.2000,0.6000,1.872608418367347e+00
damaged_d0.7,500,50,10,2900,0.2000,0.7000,2.895710059171597e+00
slab,500,50,10,3100,0.2000,0.0000,3.923437500000000e-01
arch,500,50,10,3100,0.2000,0.0000,3.844968750000000e-01
damaged_d0.0,500,50,10,3100,0.2000,0.0000,3.923437500000000e-01
damaged_d0.2,500,50,10,3100,0.2000,0.2000,6.054687500000000e-01
damaged_d0.4,500,50,10,3100,0.2000,0.4000,1.021728515625000e+00
damaged_d0.5,500,50,10,3100,0.2000,0.5000,1.395000000000000e+00
damaged_d0.6,500,50,10,3100,0.2000,0.6000,2.001753826530612e+00
damaged_d0.7,500,50,10,3100,0.2000,0.7000,3.095414201183432e+00
slab,500,50,20,2700,0.2000,0.0000,1.708593750000000e-01
arch,500,50,20,2700,0.2000,0.0000,1.674421875000000e-01
damaged_d0.0,500,50,20,2700,0.2000,0.0000,1.708593750000000e-01
damaged_d0.2,500,50,20,2700,0.2000,0.2000,2.636718750000000e-01
damaged_d0.4,500,50,20,2700,0.2000,0.4000,4.449462890625000e-01
damaged_d0.5,500,50,20,2700,0.2000,0.5000,6.075000000000000e-01
damaged_d0.6,500,50,20,2700,0.2000,0.6000,8.717315051020408e-01
damaged_d0.7,500,50,20,2700,0.2000,0.7000,1.348002958579881e+00
slab,500,50,20,2900,0.2000,0.0000,1.835156250000000e-01
arch,500,50,20,2900,0.2000,0.0000,1.798453125000000e-01
damaged_d0.0,500,50,20,2900,0.2000,0.0000,1.835156250000000e-01
damaged_d0.2,500,50,20,2900,0.2000,0.2000,2.832031250000000e-01
damaged_d0.4,500,50,20,2900,0.2000,0.4000,4.779052734375000e-01
damaged_d0.5,500,50,20,2900,0.2000,0.5000,6.525000000000000e-01
damaged_d0.6,500,50,20,2900,0.2000,0.6000,9.363042091836735e-01
damaged_d0.7,500,50,20,2900,0.2000,0.7000,1.447855029585799e+00
slab,500,50,20,3100,0.2000,0.0000,1.961718750000000e-01
arch,500,50,20,3100,0.2000,0.0000,1.922484375000000e-01
damaged_d0.0,500,50,20,3100,0.2000,0.0000,1.961718750000000e-01
damaged_d0.2,500,50,20,3100,0.2000,0.2000,3.027343750000000e-01
damaged_d0.4,500,50,20,3100,0.2000,0.4000,5.108642578125000e-01
damaged_d0.5,500,50,20,3100,0.2000,0.5000,6.975000000000000e-01
damaged_d0.6,500,50,20,3100,0.2000,0.6000,1.000876913265306e+00
damaged_d0.7,500,50,20,3100,0.2000,0.7000,1.547707100591716e+00
slab,500,50,50,2700,0.2000,0.0000,6.834374999999999e-02
arch,500,50,50,2700,0.2000,0.0000,6.697687499999999e-02
damaged_d0.0,500,50,50,2700,0.2000,0.0000,6.834374999999999e-02
damaged_d0.2,500,50,50,2700,0.2000,0.2000,1.054687500000000e-01
damaged_d0.4,500,50,50,2700,0.2000,0.4000,1.779785156250000e-01
damaged_d0.5,500,50,50,2700,0.2000,0.5000,2.430000000000000e-01
damaged_d0.6,500,50,50,2700,0.2000,0.6000,3.486926020408163e-01
damaged_d0.7,500,50,50,2700,0.2000,0.7000,5.392011834319526e-01
slab,500,50,50,2900,0.2000,0.0000,7.340625000000001e-02
arch,500,50,50,2900,0.2000,0.0000,7.193812500000001e-02
damaged_d0.0,500,50,50,2900,0.2000,0.0000,7.340625000000001e-02
damaged_d0.2,500,50,50,2900,0.2000,0.2000,1.132812500000000e-01
damaged_d0.4,500,50,50,2900,0.2000,0.4000,1.911621093750000e-01
damaged_d0.5,500,50,50,2900,0.2000,0.5000,2.610000000000000e-01
damaged_d0.6,500,50,50,2900,0.2000,0.6000,3.745216836734694e-01
damaged_d0.7,500,50,50,2900,0.2000,0.7000,5.791420118343195e-01
slab,500,50,50,3100,0.2000,0.0000,7.846875000000000e-02
arch,500,50,50,3100,0.2000,0.0000,7.689937500000001e-02
damaged_d0.0,500,50,50,3100,0.2000,0.0000,7.846875000000000e-02
damaged_d0.2,500,50,50,3100,0.2000,0.2000,1.210937500000000e-01
damaged_d0.4,500,50,50,3100,0.2000,0.4000,2.043457031250000e-01
damaged_d0.5,500,50,50,3100,0.2000,0.5000,2.790000000000000e-01
damaged_d0.6,500,50,50,3100,0.2000,0.6000,4.003507653061225e-01
damaged_d0.7,500,50,50,3100,0.2000,0.7000,6.190828402366864e-01
